instrumentation/instrumentation_FDROID/acr.browser.lightning_101.apk,acr.browser.lightning,acr.browser.lightning.settings.fragment.DebugSettingsFragment.java,a,false
instrumentation/instrumentation_FDROID/acr.browser.lightning_101.apk,acr.browser.lightning,acr.browser.lightning.settings.fragment.DisplaySettingsFragment.java,a,false
instrumentation/instrumentation_FDROID/acr.browser.lightning_101.apk,acr.browser.lightning,acr.browser.lightning.settings.fragment.AboutSettingsFragment.java,a,false
instrumentation/instrumentation_FDROID/acr.browser.lightning_101.apk,acr.browser.lightning,acr.browser.lightning.settings.fragment.AdBlockSettingsFragment.java,a,false
instrumentation/instrumentation_FDROID/acr.browser.lightning_101.apk,acr.browser.lightning,acr.browser.lightning.settings.fragment.GeneralSettingsFragment.java,a,false
instrumentation/instrumentation_FDROID/acr.browser.lightning_101.apk,acr.browser.lightning,acr.browser.lightning.settings.fragment.PrivacySettingsFragment.java,a,false
instrumentation/instrumentation_FDROID/acr.browser.lightning_101.apk,acr.browser.lightning,acr.browser.lightning.settings.fragment.BookmarkSettingsFragment.java,a,false
instrumentation/instrumentation_FDROID/acr.browser.lightning_101.apk,acr.browser.lightning,acr.browser.lightning.settings.fragment.AdvancedSettingsFragment.java,a,false
instrumentation/instrumentation_FDROID/app.olauncher_36.apk,app.olauncher,app.olauncher.ui.AppDrawerFragment.java,O,false
instrumentation/instrumentation_FDROID/app.olauncher_36.apk,app.olauncher,app.olauncher.ui.HomeFragment.java,O,false
instrumentation/instrumentation_FDROID/app.olauncher_36.apk,app.olauncher,app.olauncher.ui.SettingsFragment.java,O,false
instrumentation/instrumentation_FDROID/ar.rulosoft.mimanganu_133.apk,ar.rulosoft.mimanganu,ar.rulosoft.mimanganu.servers.JapScan.java,generateDictionary,false
instrumentation/instrumentation_FDROID/at.jclehner.rxdroid_9342.apk,at.jclehner.rxdroid,at.jclehner.rxdroid.util.DateTime.java,clearDateCache,false
instrumentation/instrumentation_FDROID/at.jclehner.rxdroid_9342.apk,at.jclehner.rxdroid,at.jclehner.rxdroid.db.Database.java,reload,true
instrumentation/instrumentation_FDROID/br.com.gualandi.dailypill_14.apk,br.com.gualandi.dailypill,br.com.gualandi.dailypill.TimePreferenceDialogFragmentCompat.java,_$_clearFindViewByIdCache,false
instrumentation/instrumentation_FDROID/br.com.gualandi.dailypill_14.apk,br.com.gualandi.dailypill,br.com.gualandi.dailypill.MainActivity$MedicineTakenFragment.java,_$_clearFindViewByIdCache,false
instrumentation/instrumentation_FDROID/br.com.gualandi.dailypill_14.apk,br.com.gualandi.dailypill,br.com.gualandi.dailypill.ReminderActivity.java,_$_clearFindViewByIdCache,false
instrumentation/instrumentation_FDROID/br.com.gualandi.dailypill_14.apk,br.com.gualandi.dailypill,br.com.gualandi.dailypill.SettingsActivity.java,_$_clearFindViewByIdCache,false
instrumentation/instrumentation_FDROID/br.com.gualandi.dailypill_14.apk,br.com.gualandi.dailypill,br.com.gualandi.dailypill.AboutActivity.java,_$_clearFindViewByIdCache,false
instrumentation/instrumentation_FDROID/br.com.gualandi.dailypill_14.apk,br.com.gualandi.dailypill,br.com.gualandi.dailypill.MainActivity$MedicineNotTakenFragment.java,_$_clearFindViewByIdCache,false
instrumentation/instrumentation_FDROID/br.com.gualandi.dailypill_14.apk,br.com.gualandi.dailypill,br.com.gualandi.dailypill.SettingsActivity$SettingsFragment.java,_$_clearFindViewByIdCache,false
instrumentation/instrumentation_FDROID/br.com.gualandi.dailypill_14.apk,br.com.gualandi.dailypill,br.com.gualandi.dailypill.MainActivity.java,_$_clearFindViewByIdCache,false
instrumentation/instrumentation_FDROID/ca.andries.portknocker_1.apk,ca.andries.portknocker,ca.andries.portknocker.activities.MainActivity.java,_$_clearFindViewByIdCache,false
instrumentation/instrumentation_FDROID/ca.andries.portknocker_1.apk,ca.andries.portknocker,ca.andries.portknocker.fragments.QuickKnockFragment.java,_$_clearFindViewByIdCache,false
instrumentation/instrumentation_FDROID/ca.andries.portknocker_1.apk,ca.andries.portknocker,ca.andries.portknocker.fragments.HistoryFragment.java,_$_clearFindViewByIdCache,false
instrumentation/instrumentation_FDROID/ca.andries.portknocker_1.apk,ca.andries.portknocker,ca.andries.portknocker.fragments.ProfileFragment.java,_$_clearFindViewByIdCache,false
instrumentation/instrumentation_FDROID/ca.andries.portknocker_1.apk,ca.andries.portknocker,ca.andries.portknocker.activities.AddProfileActivity.java,_$_clearFindViewByIdCache,false
instrumentation/instrumentation_FDROID/com.aaronhalbert.nosurfforreddit_7.apk,com.aaronhalbert.nosurfforreddit,com.aaronhalbert.nosurfforreddit.BaseActivity.java,_$_clearFindViewByIdCache,false
instrumentation/instrumentation_FDROID/com.aaronhalbert.nosurfforreddit_7.apk,com.aaronhalbert.nosurfforreddit,com.aaronhalbert.nosurfforreddit.ui.main.MainActivity.java,_$_clearFindViewByIdCache,false
instrumentation/instrumentation_FDROID/com.aaronhalbert.nosurfforreddit_7.apk,com.aaronhalbert.nosurfforreddit,com.aaronhalbert.nosurfforreddit.BaseFragment.java,_$_clearFindViewByIdCache,false
instrumentation/instrumentation_FDROID/com.abast.homebot_12.apk,com.abast.homebot,com.abast.homebot.pickers.ActivityPickerActivity.java,_$_clearFindViewByIdCache,false
instrumentation/instrumentation_FDROID/com.abast.homebot_12.apk,com.abast.homebot,com.abast.homebot.LicensesActivity.java,_$_clearFindViewByIdCache,false
instrumentation/instrumentation_FDROID/com.abast.homebot_12.apk,com.abast.homebot,com.abast.homebot.ActionLauncherActivity.java,_$_clearFindViewByIdCache,false
instrumentation/instrumentation_FDROID/com.abast.homebot_12.apk,com.abast.homebot,com.abast.homebot.pickers.BasePickerActivity.java,_$_clearFindViewByIdCache,false
instrumentation/instrumentation_FDROID/com.abast.homebot_12.apk,com.abast.homebot,com.abast.homebot.HomeBotPreferenceFragment.java,_$_clearFindViewByIdCache,false
instrumentation/instrumentation_FDROID/com.abast.homebot_12.apk,com.abast.homebot,com.abast.homebot.MainActivity.java,_$_clearFindViewByIdCache,false
instrumentation/instrumentation_FDROID/com.abast.homebot_12.apk,com.abast.homebot,com.abast.homebot.pickers.AppPickerActivity.java,_$_clearFindViewByIdCache,false
instrumentation/instrumentation_FDROID/com.adam.aslfms_61.apk,com.adam.aslfms,com.adam.aslfms.MusicAppsActivity.java,update,true
instrumentation/instrumentation_FDROID/com.adam.aslfms_61.apk,com.adam.aslfms,com.adam.aslfms.MusicAppsActivity.java,update,true
instrumentation/instrumentation_FDROID/com.adam.aslfms_61.apk,com.adam.aslfms,com.adam.aslfms.UserCredsListActivity.java,clearUserCredsList,true
instrumentation/instrumentation_FDROID/com.adam.aslfms_61.apk,com.adam.aslfms,com.adam.aslfms.UserCredsListActivity.java,clearUserCredsList,true
instrumentation/instrumentation_FDROID/com.android.todolist_2.apk,com.android.todolist,com.android.todolist.MainActivity.java,_$_clearFindViewByIdCache,false
instrumentation/instrumentation_FDROID/com.android.todolist_2.apk,com.android.todolist,com.android.todolist.ListActivity.java,_$_clearFindViewByIdCache,false
instrumentation/instrumentation_FDROID/com.android.todolist_2.apk,com.android.todolist,com.android.todolist.Info.java,_$_clearFindViewByIdCache,false
instrumentation/instrumentation_FDROID/com.android.todolist_2.apk,com.android.todolist,com.android.todolist.EditTextDialog.java,_$_clearFindViewByIdCache,false
instrumentation/instrumentation_FDROID/com.android.todolist_2.apk,com.android.todolist,com.android.todolist.About.java,_$_clearFindViewByIdCache,false
instrumentation/instrumentation_FDROID/com.anthony.deepl.openl_6.apk,com.anthony.deepl.openl,com.anthony.deepl.openl.view.translation.TranslationFragment.java,aa,true
instrumentation/instrumentation_FDROID/com.appmindlab.nano_1224.apk,com.appmindlab.nano,com.appmindlab.nano.DisplayDBEntry.java,onOptionsItemSelected,false
instrumentation/instrumentation_FDROID/com.arduia.expense_11.apk,com.arduia.expense,com.arduia.expense.ui.expenselogs.ExpenseViewModel.java,k,false
instrumentation/instrumentation_FDROID/com.bernaferrari.sdkmonitor_12.apk,com.bernaferrari.sdkmonitor,com.bernaferrari.sdkmonitor.main.MainFragment.java,A0,false
instrumentation/instrumentation_FDROID/com.bmco.cratesiounofficial_12.apk,com.bmco.cratesiounofficial,com.bmco.cratesiounofficial.a.d.java,ca,false
instrumentation/instrumentation_FDROID/com.bmco.cratesiounofficial_12.apk,com.bmco.cratesiounofficial,com.bmco.cratesiounofficial.a.h.java,ca,false
instrumentation/instrumentation_FDROID/com.bmco.cratesiounofficial_12.apk,com.bmco.cratesiounofficial,com.bmco.cratesiounofficial.a.m.java,ca,false
instrumentation/instrumentation_FDROID/com.bmco.cratesiounofficial_12.apk,com.bmco.cratesiounofficial,com.bmco.cratesiounofficial.a.u.java,ca,false
instrumentation/instrumentation_FDROID/com.bmco.cratesiounofficial_12.apk,com.bmco.cratesiounofficial,com.bmco.cratesiounofficial.a.l.java,ca,false
instrumentation/instrumentation_FDROID/com.bmco.cratesiounofficial_12.apk,com.bmco.cratesiounofficial,com.bmco.cratesiounofficial.a.n.java,ca,false
instrumentation/instrumentation_FDROID/com.bmco.cratesiounofficial_12.apk,com.bmco.cratesiounofficial,com.bmco.cratesiounofficial.a.v.java,ca,false
instrumentation/instrumentation_FDROID/com.celzero.bravedns_19.apk,com.celzero.bravedns,com.celzero.bravedns.ui.FirewallAppFragment.java,setupLivedataObservers$lambda-8,false
instrumentation/instrumentation_FDROID/com.coste.syncorg_10.apk,com.coste.syncorg,com.coste.syncorg.orgdata.OrgFileParser.java,parseTimestamps,false
instrumentation/instrumentation_FDROID/com.coste.syncorg_10.apk,com.coste.syncorg,com.coste.syncorg.orgdata.OrgNodePayload.java,resetCachedValues,false
instrumentation/instrumentation_FDROID/com.danefinlay.ttsutil_4.apk,com.danefinlay.ttsutil,com.danefinlay.ttsutil.ui.ReadFilesFragment.java,_$_clearFindViewByIdCache,false
instrumentation/instrumentation_FDROID/com.danefinlay.ttsutil_4.apk,com.danefinlay.ttsutil,com.danefinlay.ttsutil.ui.ReadTextFragment.java,_$_clearFindViewByIdCache,false
instrumentation/instrumentation_FDROID/com.danefinlay.ttsutil_4.apk,com.danefinlay.ttsutil,com.danefinlay.ttsutil.ui.ReadClipboardFragment.java,_$_clearFindViewByIdCache,false
instrumentation/instrumentation_FDROID/com.danefinlay.ttsutil_4.apk,com.danefinlay.ttsutil,com.danefinlay.ttsutil.ui.QuickShareActivity.java,_$_clearFindViewByIdCache,false
instrumentation/instrumentation_FDROID/com.danefinlay.ttsutil_4.apk,com.danefinlay.ttsutil,com.danefinlay.ttsutil.ui.ReadTextActivity.java,_$_clearFindViewByIdCache,false
instrumentation/instrumentation_FDROID/com.danefinlay.ttsutil_4.apk,com.danefinlay.ttsutil,com.danefinlay.ttsutil.ui.ReadTextFragmentBase.java,_$_clearFindViewByIdCache,false
instrumentation/instrumentation_FDROID/com.danefinlay.ttsutil_4.apk,com.danefinlay.ttsutil,com.danefinlay.ttsutil.ui.FileChooserFragment.java,_$_clearFindViewByIdCache,false
instrumentation/instrumentation_FDROID/com.danefinlay.ttsutil_4.apk,com.danefinlay.ttsutil,com.danefinlay.ttsutil.ui.AboutActivity.java,_$_clearFindViewByIdCache,false
instrumentation/instrumentation_FDROID/com.danefinlay.ttsutil_4.apk,com.danefinlay.ttsutil,com.danefinlay.ttsutil.ui.MainActivity.java,_$_clearFindViewByIdCache,false
instrumentation/instrumentation_FDROID/com.danefinlay.ttsutil_4.apk,com.danefinlay.ttsutil,com.danefinlay.ttsutil.ui.EditReadActivity.java,_$_clearFindViewByIdCache,false
instrumentation/instrumentation_FDROID/com.danefinlay.ttsutil_4.apk,com.danefinlay.ttsutil,com.danefinlay.ttsutil.ui.WriteFilesFragment.java,_$_clearFindViewByIdCache,false
instrumentation/instrumentation_FDROID/com.danefinlay.ttsutil_4.apk,com.danefinlay.ttsutil,com.danefinlay.ttsutil.ui.SpeakerActivity.java,_$_clearFindViewByIdCache,false
instrumentation/instrumentation_FDROID/com.danefinlay.ttsutil_4.apk,com.danefinlay.ttsutil,com.danefinlay.ttsutil.ui.SettingsFragment.java,_$_clearFindViewByIdCache,false
instrumentation/instrumentation_FDROID/com.danefinlay.ttsutil_4.apk,com.danefinlay.ttsutil,com.danefinlay.ttsutil.ui.ReadClipboardActivity.java,_$_clearFindViewByIdCache,false
instrumentation/instrumentation_FDROID/com.dp.logcatapp_33.apk,com.dp.logcatapp,com.dp.logcatapp.fragments.savedlogs.SavedLogsFragment$ChooseExportFormatTypeDialogFragment.java,_$_clearFindViewByIdCache,false
instrumentation/instrumentation_FDROID/com.dp.logcatapp_33.apk,com.dp.logcatapp,com.dp.logcatapp.activities.SavedLogsActivity.java,_$_clearFindViewByIdCache,false
instrumentation/instrumentation_FDROID/com.dp.logcatapp_33.apk,com.dp.logcatapp,com.dp.logcatapp.fragments.settings.SettingsFragment$SaveLocationDialogFragment.java,_$_clearFindViewByIdCache,false
instrumentation/instrumentation_FDROID/com.dp.logcatapp_33.apk,com.dp.logcatapp,com.dp.logcatapp.fragments.savedlogsviewer.SavedLogsViewerFragment.java,_$_clearFindViewByIdCache,false
instrumentation/instrumentation_FDROID/com.dp.logcatapp_33.apk,com.dp.logcatapp,com.dp.logcatapp.activities.BaseActivityWithToolbar.java,_$_clearFindViewByIdCache,false
instrumentation/instrumentation_FDROID/com.dp.logcatapp_33.apk,com.dp.logcatapp,com.dp.logcatapp.fragments.base.BaseFragment.java,_$_clearFindViewByIdCache,false
instrumentation/instrumentation_FDROID/com.dp.logcatapp_33.apk,com.dp.logcatapp,com.dp.logcatapp.fragments.logcatlive.dialogs.ManualMethodToGrantPermissionDialogFragment.java,_$_clearFindViewByIdCache,false
instrumentation/instrumentation_FDROID/com.dp.logcatapp_33.apk,com.dp.logcatapp,com.dp.logcatapp.activities.FiltersActivity.java,_$_clearFindViewByIdCache,false
instrumentation/instrumentation_FDROID/com.dp.logcatapp_33.apk,com.dp.logcatapp,com.dp.logcatapp.fragments.logcatlive.dialogs.OnSavedBottomSheetDialogFragment.java,_$_clearFindViewByIdCache,false
instrumentation/instrumentation_FDROID/com.dp.logcatapp_33.apk,com.dp.logcatapp,com.dp.logcatapp.activities.MainActivity.java,_$_clearFindViewByIdCache,false
instrumentation/instrumentation_FDROID/com.dp.logcatapp_33.apk,com.dp.logcatapp,com.dp.logcatapp.fragments.base.BaseDialogFragment.java,_$_clearFindViewByIdCache,false
instrumentation/instrumentation_FDROID/com.dp.logcatapp_33.apk,com.dp.logcatapp,com.dp.logcatapp.activities.SavedLogsViewerActivity.java,_$_clearFindViewByIdCache,false
instrumentation/instrumentation_FDROID/com.dp.logcatapp_33.apk,com.dp.logcatapp,com.dp.logcatapp.fragments.settings.dialogs.FolderChooserDialogFragment.java,_$_clearFindViewByIdCache,false
instrumentation/instrumentation_FDROID/com.dp.logcatapp_33.apk,com.dp.logcatapp,com.dp.logcatapp.fragments.logcatlive.dialogs.RestartAppMessageDialogFragment.java,_$_clearFindViewByIdCache,false
instrumentation/instrumentation_FDROID/com.dp.logcatapp_33.apk,com.dp.logcatapp,com.dp.logcatapp.fragments.logcatlive.LogcatLiveFragment.java,_$_clearFindViewByIdCache,false
instrumentation/instrumentation_FDROID/com.dp.logcatapp_33.apk,com.dp.logcatapp,com.dp.logcatapp.views.CustomTextView.java,_$_clearFindViewByIdCache,false
instrumentation/instrumentation_FDROID/com.dp.logcatapp_33.apk,com.dp.logcatapp,com.dp.logcatapp.fragments.shared.dialogs.FilterExclusionDialogFragment.java,_$_clearFindViewByIdCache,false
instrumentation/instrumentation_FDROID/com.dp.logcatapp_33.apk,com.dp.logcatapp,com.dp.logcatapp.activities.SplashActivity.java,_$_clearFindViewByIdCache,false
instrumentation/instrumentation_FDROID/com.dp.logcatapp_33.apk,com.dp.logcatapp,com.dp.logcatapp.fragments.savedlogs.SavedLogsFragment.java,_$_clearFindViewByIdCache,false
instrumentation/instrumentation_FDROID/com.dp.logcatapp_33.apk,com.dp.logcatapp,com.dp.logcatapp.fragments.logcatlive.dialogs.NeedPermissionDialogFragment.java,_$_clearFindViewByIdCache,false
instrumentation/instrumentation_FDROID/com.dp.logcatapp_33.apk,com.dp.logcatapp,com.dp.logcatapp.fragments.settings.SettingsFragment.java,_$_clearFindViewByIdCache,false
instrumentation/instrumentation_FDROID/com.dp.logcatapp_33.apk,com.dp.logcatapp,com.dp.logcatapp.fragments.shared.dialogs.CopyToClipboardDialogFragment.java,_$_clearFindViewByIdCache,false
instrumentation/instrumentation_FDROID/com.dp.logcatapp_33.apk,com.dp.logcatapp,com.dp.logcatapp.fragments.savedlogs.SavedLogsFragment$RenameDialogFragment.java,_$_clearFindViewByIdCache,false
instrumentation/instrumentation_FDROID/com.dp.logcatapp_33.apk,com.dp.logcatapp,com.dp.logcatapp.fragments.filters.dialogs.FilterDialogFragment.java,_$_clearFindViewByIdCache,false
instrumentation/instrumentation_FDROID/com.dp.logcatapp_33.apk,com.dp.logcatapp,com.dp.logcatapp.fragments.filters.FiltersFragment.java,_$_clearFindViewByIdCache,false
instrumentation/instrumentation_FDROID/com.dp.logcatapp_33.apk,com.dp.logcatapp,com.dp.logcatapp.activities.SettingsActivity.java,_$_clearFindViewByIdCache,false
instrumentation/instrumentation_FDROID/com.dp.logcatapp_33.apk,com.dp.logcatapp,com.dp.logcatapp.fragments.logcatlive.dialogs.AskingForRootAccessDialogFragment.java,_$_clearFindViewByIdCache,false
instrumentation/instrumentation_FDROID/com.ds.avare_357.apk,com.ds.avare,com.ds.avare.utils.RateLimitedBackgroundQueue.java,removeMetarsFromQueue,false
instrumentation/instrumentation_FDROID/com.emmanuelmess.simpleaccounting_23.apk,com.emmanuelmess.simpleaccounting,com.emmanuelmess.simpleaccounting.fragments.settings.MainSettingsFragment.java,an,false
instrumentation/instrumentation_FDROID/com.emmanuelmess.simpleaccounting_23.apk,com.emmanuelmess.simpleaccounting,com.emmanuelmess.simpleaccounting.fragments.a.a.java,am,false
instrumentation/instrumentation_FDROID/com.emmanuelmess.simpleaccounting_23.apk,com.emmanuelmess.simpleaccounting,com.emmanuelmess.simpleaccounting.fragments.a.b.java,am,false
instrumentation/instrumentation_FDROID/com.emmanuelmess.simpleaccounting_23.apk,com.emmanuelmess.simpleaccounting,com.emmanuelmess.simpleaccounting.fragments.a.java,am,true
instrumentation/instrumentation_FDROID/com.faltenreich.diaguard_54.apk,com.faltenreich.diaguard,com.faltenreich.diaguard.feature.tag.TagAutoCompleteAdapter.java,clear,false
instrumentation/instrumentation_FDROID/com.finnmglas.launcher_12.apk,com.finnmglas.launcher,com.finnmglas.launcher.settings.actions.SettingsFragmentActionsRecycler.java,P,true
instrumentation/instrumentation_FDROID/com.flx_apps.digitaldetox_11000.apk,com.flx_apps.digitaldetox,com.flx_apps.digitaldetox.NoPermissionsFragment.java,_$_clearFindViewByIdCache,false
instrumentation/instrumentation_FDROID/com.flx_apps.digitaldetox_11000.apk,com.flx_apps.digitaldetox,com.flx_apps.digitaldetox.AppExceptionsListFragment.java,_$_clearFindViewByIdCache,false
instrumentation/instrumentation_FDROID/com.flx_apps.digitaldetox_11000.apk,com.flx_apps.digitaldetox,com.flx_apps.digitaldetox.MainActivity.java,_$_clearFindViewByIdCache,false
instrumentation/instrumentation_FDROID/com.flx_apps.digitaldetox_11000.apk,com.flx_apps.digitaldetox,com.flx_apps.digitaldetox.HomeFragment.java,_$_clearFindViewByIdCache,false
instrumentation/instrumentation_FDROID/com.flx_apps.digitaldetox_11000.apk,com.flx_apps.digitaldetox,com.flx_apps.digitaldetox.AboutFragment.java,_$_clearFindViewByIdCache,false
instrumentation/instrumentation_FDROID/com.flx_apps.digitaldetox_11000.apk,com.flx_apps.digitaldetox,com.flx_apps.digitaldetox.prefs.PreferenceFragment$PauseButtonPreferencesFragment.java,_$_clearFindViewByIdCache,false
instrumentation/instrumentation_FDROID/com.flx_apps.digitaldetox_11000.apk,com.flx_apps.digitaldetox,com.flx_apps.digitaldetox.prefs.PreferenceFragment.java,_$_clearFindViewByIdCache,false
instrumentation/instrumentation_FDROID/com.flx_apps.digitaldetox_11000.apk,com.flx_apps.digitaldetox,com.flx_apps.digitaldetox.prefs.PreferenceFragment$DoomScrollingPreferencesFragment.java,_$_clearFindViewByIdCache,false
instrumentation/instrumentation_FDROID/com.flx_apps.digitaldetox_11000.apk,com.flx_apps.digitaldetox,com.flx_apps.digitaldetox.prefs.PreferenceFragment$GrayscalePreferencesFragment.java,_$_clearFindViewByIdCache,false
instrumentation/instrumentation_FDROID/com.flx_apps.digitaldetox_11000.apk,com.flx_apps.digitaldetox,com.flx_apps.digitaldetox.HomeFragmentCardView.java,_$_clearFindViewByIdCache,false
instrumentation/instrumentation_FDROID/com.flx_apps.digitaldetox_11000.apk,com.flx_apps.digitaldetox,com.flx_apps.digitaldetox.prefs.PreferenceFragment$ZenModePreferencesFragment.java,_$_clearFindViewByIdCache,false
instrumentation/instrumentation_FDROID/com.forrestguice.suntimeswidget_79.apk,com.forrestguice.suntimeswidget,com.forrestguice.suntimeswidget.cards.CardAdapter.java,invalidateData,false
instrumentation/instrumentation_FDROID/com.forrestguice.suntimeswidget_79.apk,com.forrestguice.suntimeswidget,com.forrestguice.suntimeswidget.calculator.CalculatorProvider.java,queryMoonPhase,false
instrumentation/instrumentation_FDROID/com.forrestguice.suntimeswidget_79.apk,com.forrestguice.suntimeswidget,com.forrestguice.suntimeswidget.cards.CardAdapter.java,initData,true
instrumentation/instrumentation_FDROID/com.forrestguice.suntimeswidget_79.apk,com.forrestguice.suntimeswidget,com.forrestguice.suntimeswidget.EquinoxView$EquinoxViewAdapter.java,initData,false
instrumentation/instrumentation_FDROID/com.futurice.android.reservator_21.apk,com.futurice.android.reservator,com.futurice.android.reservator.common.CacheMap.java,clear,false
instrumentation/instrumentation_FDROID/com.github.doomsdayrs.apps.shosetsu_27.apk,com.github.doomsdayrs.apps.shosetsu,com.github.doomsdayrs.apps.shosetsu.ui.library.LibraryFragment.java,_$_clearFindViewByIdCache,true
instrumentation/instrumentation_FDROID/com.github.doomsdayrs.apps.shosetsu_27.apk,com.github.doomsdayrs.apps.shosetsu,com.github.doomsdayrs.apps.shosetsu.ui.reader.ChapterReader.java,_$_clearFindViewByIdCache,false
instrumentation/instrumentation_FDROID/com.github.doomsdayrs.apps.shosetsu_27.apk,com.github.doomsdayrs.apps.shosetsu,com.github.doomsdayrs.apps.shosetsu.ui.updates.UpdatesFragment.java,_$_clearFindViewByIdCache,true
instrumentation/instrumentation_FDROID/com.github.doomsdayrs.apps.shosetsu_27.apk,com.github.doomsdayrs.apps.shosetsu,com.github.doomsdayrs.apps.shosetsu.ui.novel.pages.NovelFragmentTracking.java,_$_clearFindViewByIdCache,false
instrumentation/instrumentation_FDROID/com.github.doomsdayrs.apps.shosetsu_27.apk,com.github.doomsdayrs.apps.shosetsu,com.github.doomsdayrs.apps.shosetsu.ui.novel.NovelFragment.java,_$_clearFindViewByIdCache,true
instrumentation/instrumentation_FDROID/com.github.doomsdayrs.apps.shosetsu_27.apk,com.github.doomsdayrs.apps.shosetsu,com.github.doomsdayrs.apps.shosetsu.ui.settings.subFragments.AdvancedSettings.java,_$_clearFindViewByIdCache,true
instrumentation/instrumentation_FDROID/com.github.doomsdayrs.apps.shosetsu_27.apk,com.github.doomsdayrs.apps.shosetsu,com.github.doomsdayrs.apps.shosetsu.ui.settings.subFragments.InfoSettings.java,_$_clearFindViewByIdCache,true
instrumentation/instrumentation_FDROID/com.github.doomsdayrs.apps.shosetsu_27.apk,com.github.doomsdayrs.apps.shosetsu,com.github.doomsdayrs.apps.shosetsu.ui.updates.UpdateFragment.java,_$_clearFindViewByIdCache,false
instrumentation/instrumentation_FDROID/com.github.doomsdayrs.apps.shosetsu_27.apk,com.github.doomsdayrs.apps.shosetsu,com.github.doomsdayrs.apps.shosetsu.ui.settings.subFragments.DownloadSettings.java,_$_clearFindViewByIdCache,true
instrumentation/instrumentation_FDROID/com.github.doomsdayrs.apps.shosetsu_27.apk,com.github.doomsdayrs.apps.shosetsu,com.github.doomsdayrs.apps.shosetsu.ui.settings.subFragments.LicenseReader.java,_$_clearFindViewByIdCache,false
instrumentation/instrumentation_FDROID/com.github.doomsdayrs.apps.shosetsu_27.apk,com.github.doomsdayrs.apps.shosetsu,com.github.doomsdayrs.apps.shosetsu.ui.catalogue.CatalogueFragment.java,_$_clearFindViewByIdCache,true
instrumentation/instrumentation_FDROID/com.github.doomsdayrs.apps.shosetsu_27.apk,com.github.doomsdayrs.apps.shosetsu,com.github.doomsdayrs.apps.shosetsu.ui.search.SearchFragment.java,_$_clearFindViewByIdCache,false
instrumentation/instrumentation_FDROID/com.github.doomsdayrs.apps.shosetsu_27.apk,com.github.doomsdayrs.apps.shosetsu,com.github.doomsdayrs.apps.shosetsu.ui.catalogue.CataloguesFragment.java,_$_clearFindViewByIdCache,true
instrumentation/instrumentation_FDROID/com.github.doomsdayrs.apps.shosetsu_27.apk,com.github.doomsdayrs.apps.shosetsu,com.github.doomsdayrs.apps.shosetsu.ui.novel.pages.NovelFragmentInfo.java,_$_clearFindViewByIdCache,true
instrumentation/instrumentation_FDROID/com.github.doomsdayrs.apps.shosetsu_27.apk,com.github.doomsdayrs.apps.shosetsu,com.github.doomsdayrs.apps.shosetsu.ui.settings.subFragments.ViewSettings.java,_$_clearFindViewByIdCache,true
instrumentation/instrumentation_FDROID/com.github.doomsdayrs.apps.shosetsu_27.apk,com.github.doomsdayrs.apps.shosetsu,com.github.doomsdayrs.apps.shosetsu.ui.main.MainActivity.java,_$_clearFindViewByIdCache,false
instrumentation/instrumentation_FDROID/com.github.doomsdayrs.apps.shosetsu_27.apk,com.github.doomsdayrs.apps.shosetsu,com.github.doomsdayrs.apps.shosetsu.ui.novel.pages.NovelFragmentChapters.java,_$_clearFindViewByIdCache,true
instrumentation/instrumentation_FDROID/com.github.doomsdayrs.apps.shosetsu_27.apk,com.github.doomsdayrs.apps.shosetsu,com.github.doomsdayrs.apps.shosetsu.ui.settings.SettingsFragment.java,_$_clearFindViewByIdCache,true
instrumentation/instrumentation_FDROID/com.github.doomsdayrs.apps.shosetsu_27.apk,com.github.doomsdayrs.apps.shosetsu,com.github.doomsdayrs.apps.shosetsu.ui.migration.MigrationView.java,_$_clearFindViewByIdCache,false
instrumentation/instrumentation_FDROID/com.github.doomsdayrs.apps.shosetsu_27.apk,com.github.doomsdayrs.apps.shosetsu,com.github.doomsdayrs.apps.shosetsu.ui.downloads.DownloadsFragment.java,_$_clearFindViewByIdCache,true
instrumentation/instrumentation_FDROID/com.github.doomsdayrs.apps.shosetsu_27.apk,com.github.doomsdayrs.apps.shosetsu,com.github.doomsdayrs.apps.shosetsu.ui.settings.subFragments.backup.BackupSettings.java,_$_clearFindViewByIdCache,true
instrumentation/instrumentation_FDROID/com.github.doomsdayrs.apps.shosetsu_27.apk,com.github.doomsdayrs.apps.shosetsu,com.github.doomsdayrs.apps.shosetsu.ui.reader.fragments.ChapterView.java,_$_clearFindViewByIdCache,false
instrumentation/instrumentation_FDROID/com.github.doomsdayrs.apps.shosetsu_27.apk,com.github.doomsdayrs.apps.shosetsu,com.github.doomsdayrs.apps.shosetsu.ui.webView.WebViewApp.java,_$_clearFindViewByIdCache,false
instrumentation/instrumentation_FDROID/com.github.igrmk.smsq_16.apk,com.github.igrmk.smsq,com.github.igrmk.smsq.activities.WelcomeActivity.java,_$_clearFindViewByIdCache,false
instrumentation/instrumentation_FDROID/com.github.igrmk.smsq_16.apk,com.github.igrmk.smsq,com.github.igrmk.smsq.activities.DebugActivity.java,_$_clearFindViewByIdCache,false
instrumentation/instrumentation_FDROID/com.github.igrmk.smsq_16.apk,com.github.igrmk.smsq,com.github.igrmk.smsq.activities.PrivacyActivity.java,_$_clearFindViewByIdCache,false
instrumentation/instrumentation_FDROID/com.gmail.anubhavdas54.whatsdeleted_5.apk,com.gmail.anubhavdas54.whatsdeleted,com.gmail.anubhavdas54.whatsdeleted.MainActivity.java,_$_clearFindViewByIdCache,false
instrumentation/instrumentation_FDROID/com.gmail.anubhavdas54.whatsdeleted_5.apk,com.gmail.anubhavdas54.whatsdeleted,com.gmail.anubhavdas54.whatsdeleted.MsgLogViewerActivity.java,_$_clearFindViewByIdCache,false
instrumentation/instrumentation_FDROID/com.google.android.accessibility.talkback_50200001.apk,com.google.android.accessibility.talkback,com.google.android.accessibility.talkback.eventprocessor.ProcessorScrollPosition.java,onAccessibilityEvent,false
instrumentation/instrumentation_FDROID/com.google.android.accessibility.talkback_50200001.apk,com.google.android.accessibility.talkback,com.google.android.accessibility.talkback.eventprocessor.ProcessorScrollPosition.java,onAccessibilityEvent,false
instrumentation/instrumentation_FDROID/com.jairaj.janglegmail.motioneye_79.apk,com.jairaj.janglegmail.motioneye,com.jairaj.janglegmail.motioneye.activities.AddCamActivity.java,d,true
instrumentation/instrumentation_FDROID/com.jairaj.janglegmail.motioneye_79.apk,com.jairaj.janglegmail.motioneye,com.jairaj.janglegmail.motioneye.activities.SettingsActivity$c.java,h,false
instrumentation/instrumentation_FDROID/com.james.status_43.apk,com.james.status,com.james.status.views.ColorPickerImageView.java,_$_clearFindViewByIdCache,false
instrumentation/instrumentation_FDROID/com.james.status_43.apk,com.james.status,com.james.status.views.ColorView.java,_$_clearFindViewByIdCache,false
instrumentation/instrumentation_FDROID/com.james.status_43.apk,com.james.status,com.james.status.activities.AttribouterActivity.java,_$_clearFindViewByIdCache,false
instrumentation/instrumentation_FDROID/com.james.status_43.apk,com.james.status,com.james.status.views.SquareImageView.java,_$_clearFindViewByIdCache,false
instrumentation/instrumentation_FDROID/com.james.status_43.apk,com.james.status,com.james.status.data.icon.NotificationsIconData.java,register,false
instrumentation/instrumentation_FDROID/com.james.status_43.apk,com.james.status,com.james.status.views.CircleColorView.java,_$_clearFindViewByIdCache,false
instrumentation/instrumentation_FDROID/com.jim.sharetocomputer_1140.apk,com.jim.sharetocomputer,com.jim.sharetocomputer.SettingFragment.java,_$_clearFindViewByIdCache,false
instrumentation/instrumentation_FDROID/com.jim.sharetocomputer_1140.apk,com.jim.sharetocomputer,com.jim.sharetocomputer.MainActivity.java,_$_clearFindViewByIdCache,false
instrumentation/instrumentation_FDROID/com.jim.sharetocomputer_1140.apk,com.jim.sharetocomputer,com.jim.sharetocomputer.AboutFragment.java,_$_clearFindViewByIdCache,false
instrumentation/instrumentation_FDROID/com.jim.sharetocomputer_1140.apk,com.jim.sharetocomputer,com.jim.sharetocomputer.MainFragment.java,_$_clearFindViewByIdCache,false
instrumentation/instrumentation_FDROID/com.jim.sharetocomputer_1140.apk,com.jim.sharetocomputer,com.jim.sharetocomputer.ext.FragmentHelper.java,_$_clearFindViewByIdCache,false
instrumentation/instrumentation_FDROID/com.jim.sharetocomputer_1140.apk,com.jim.sharetocomputer,com.jim.sharetocomputer.QrCodeFragment.java,_$_clearFindViewByIdCache,false
instrumentation/instrumentation_FDROID/com.jim.sharetocomputer_1140.apk,com.jim.sharetocomputer,com.jim.sharetocomputer.ActionActivity.java,_$_clearFindViewByIdCache,false
instrumentation/instrumentation_FDROID/com.jkcarino.ankieditor_9.apk,com.jkcarino.ankieditor,com.jkcarino.ankieditor.ui.richeditor.b.java,ae,false
instrumentation/instrumentation_FDROID/com.jkcarino.ankieditor_9.apk,com.jkcarino.ankieditor,com.jkcarino.ankieditor.ui.editor.b.java,ad,false
instrumentation/instrumentation_FDROID/com.jkcarino.ankieditor_9.apk,com.jkcarino.ankieditor,com.jkcarino.ankieditor.ui.editor.d.java,ad,false
instrumentation/instrumentation_FDROID/com.jkcarino.ankieditor_9.apk,com.jkcarino.ankieditor,com.jkcarino.ankieditor.ui.richeditor.a.java,ae,false
instrumentation/instrumentation_FDROID/com.jtmcn.archwiki.viewer_15.apk,com.jtmcn.archwiki.viewer,com.jtmcn.archwiki.viewer.PreferencesActivity$a.java,q0,false
instrumentation/instrumentation_FDROID/com.liato.bankdroid_222.apk,com.liato.bankdroid,com.liato.bankdroid.banking.banks.lansforsakringar.Lansforsakringar.java,update,false
instrumentation/instrumentation_FDROID/com.liato.bankdroid_222.apk,com.liato.bankdroid,com.liato.bankdroid.appwidget.AutoRefreshService$DataRetrieverTask.java,doInBackground,false
instrumentation/instrumentation_FDROID/com.lindevhard.android.raspfinder_3.apk,com.lindevhard.android.raspfinder,com.lindevhard.android.raspfinder.FullscreenActivity.java,_$_clearFindViewByIdCache,false
instrumentation/instrumentation_FDROID/com.llamacorp.equate_12.apk,com.llamacorp.equate,com.llamacorp.equate.unit.UnitTypeList.java,initialize,true
instrumentation/instrumentation_FDROID/com.manichord.mgit_220.apk,com.manichord.mgit,com.manichord.mgit.dialogs.ErrorDialog.java,_$_clearFindViewByIdCache,false
instrumentation/instrumentation_FDROID/com.marcdonald.hibi_37.apk,com.marcdonald.hibi,com.marcdonald.hibi.MainActivity.java,_$_clearFindViewByIdCache,false
instrumentation/instrumentation_FDROID/com.marcdonald.hibi_37.apk,com.marcdonald.hibi,com.marcdonald.hibi.internal.base.HibiDialogFragment.java,_$_clearFindViewByIdCache,false
instrumentation/instrumentation_FDROID/com.marcdonald.hibi_37.apk,com.marcdonald.hibi,com.marcdonald.hibi.screens.favouriteentries.FavouriteEntriesFragment.java,_$_clearFindViewByIdCache,false
instrumentation/instrumentation_FDROID/com.marcdonald.hibi_37.apk,com.marcdonald.hibi,com.marcdonald.hibi.screens.newwordsdialog.NewWordDialog.java,_$_clearFindViewByIdCache,false
instrumentation/instrumentation_FDROID/com.marcdonald.hibi_37.apk,com.marcdonald.hibi,com.marcdonald.hibi.screens.multiselectdialog.MultiSelectMenu.java,_$_clearFindViewByIdCache,false
instrumentation/instrumentation_FDROID/com.marcdonald.hibi_37.apk,com.marcdonald.hibi,com.marcdonald.hibi.uicomponents.TextInputDialog.java,_$_clearFindViewByIdCache,false
instrumentation/instrumentation_FDROID/com.marcdonald.hibi_37.apk,com.marcdonald.hibi,com.marcdonald.hibi.screens.settings.SettingsPreferenceFragment.java,_$_clearFindViewByIdCache,false
instrumentation/instrumentation_FDROID/com.marcdonald.hibi_37.apk,com.marcdonald.hibi,com.marcdonald.hibi.uicomponents.views.CheckBoxWithId.java,_$_clearFindViewByIdCache,false
instrumentation/instrumentation_FDROID/com.marcdonald.hibi_37.apk,com.marcdonald.hibi,com.marcdonald.hibi.screens.tags.maintags.TagsFragment.java,_$_clearFindViewByIdCache,false
instrumentation/instrumentation_FDROID/com.marcdonald.hibi_37.apk,com.marcdonald.hibi,com.marcdonald.hibi.screens.settings.SettingsFragment.java,_$_clearFindViewByIdCache,false
instrumentation/instrumentation_FDROID/com.marcdonald.hibi_37.apk,com.marcdonald.hibi,com.marcdonald.hibi.screens.about.AboutPreferenceFragment.java,_$_clearFindViewByIdCache,false
instrumentation/instrumentation_FDROID/com.marcdonald.hibi_37.apk,com.marcdonald.hibi,com.marcdonald.hibi.screens.multiselectdialog.addtagtomultientrydialog.AddTagToMultiEntryDialog.java,_$_clearFindViewByIdCache,false
instrumentation/instrumentation_FDROID/com.marcdonald.hibi_37.apk,com.marcdonald.hibi,com.marcdonald.hibi.screens.addtagdialog.AddTagDialog.java,_$_clearFindViewByIdCache,false
instrumentation/instrumentation_FDROID/com.marcdonald.hibi_37.apk,com.marcdonald.hibi,com.marcdonald.hibi.screens.dateentries.DateEntriesFragment.java,_$_clearFindViewByIdCache,false
instrumentation/instrumentation_FDROID/com.marcdonald.hibi_37.apk,com.marcdonald.hibi,com.marcdonald.hibi.uicomponents.BinaryOptionDialog.java,_$_clearFindViewByIdCache,false
instrumentation/instrumentation_FDROID/com.marcdonald.hibi_37.apk,com.marcdonald.hibi,com.marcdonald.hibi.screens.about.OpenSourceLicencesFragment.java,_$_clearFindViewByIdCache,false
instrumentation/instrumentation_FDROID/com.marcdonald.hibi_37.apk,com.marcdonald.hibi,com.marcdonald.hibi.screens.entries.viewentry.FullscreenImageFragment.java,_$_clearFindViewByIdCache,false
instrumentation/instrumentation_FDROID/com.marcdonald.hibi_37.apk,com.marcdonald.hibi,com.marcdonald.hibi.screens.settings.restoredialog.RestoreDialog.java,_$_clearFindViewByIdCache,false
instrumentation/instrumentation_FDROID/com.marcdonald.hibi_37.apk,com.marcdonald.hibi,com.marcdonald.hibi.uicomponents.views.TextStatisticDisplay.java,_$_clearFindViewByIdCache,false
instrumentation/instrumentation_FDROID/com.marcdonald.hibi_37.apk,com.marcdonald.hibi,com.marcdonald.hibi.screens.mainentries.MainEntriesFragment.java,_$_clearFindViewByIdCache,false
instrumentation/instrumentation_FDROID/com.marcdonald.hibi_37.apk,com.marcdonald.hibi,com.marcdonald.hibi.internal.base.HibiActivity.java,_$_clearFindViewByIdCache,false
instrumentation/instrumentation_FDROID/com.marcdonald.hibi_37.apk,com.marcdonald.hibi,com.marcdonald.hibi.screens.entries.addentry.addentrytobookdialog.AddEntryToBookDialog.java,_$_clearFindViewByIdCache,false
instrumentation/instrumentation_FDROID/com.marcdonald.hibi_37.apk,com.marcdonald.hibi,com.marcdonald.hibi.screens.locationdialog.AddLocationToEntryDialog.java,_$_clearFindViewByIdCache,false
instrumentation/instrumentation_FDROID/com.marcdonald.hibi_37.apk,com.marcdonald.hibi,com.marcdonald.hibi.internal.base.HibiFragment.java,_$_clearFindViewByIdCache,false
instrumentation/instrumentation_FDROID/com.marcdonald.hibi_37.apk,com.marcdonald.hibi,com.marcdonald.hibi.screens.entries.viewentry.ViewEntryFragment.java,_$_clearFindViewByIdCache,false
instrumentation/instrumentation_FDROID/com.marcdonald.hibi_37.apk,com.marcdonald.hibi,com.marcdonald.hibi.uicomponents.DatePickerDialog.java,_$_clearFindViewByIdCache,false
instrumentation/instrumentation_FDROID/com.marcdonald.hibi_37.apk,com.marcdonald.hibi,com.marcdonald.hibi.screens.addnewworddialog.AddNewWordDialog.java,_$_clearFindViewByIdCache,false
instrumentation/instrumentation_FDROID/com.marcdonald.hibi_37.apk,com.marcdonald.hibi,com.marcdonald.hibi.screens.multiselectdialog.addmultientrytobookdialog.AddMultiEntryToBookDialog.java,_$_clearFindViewByIdCache,false
instrumentation/instrumentation_FDROID/com.marcdonald.hibi_37.apk,com.marcdonald.hibi,com.marcdonald.hibi.screens.addbookdialog.AddBookDialog.java,_$_clearFindViewByIdCache,false
instrumentation/instrumentation_FDROID/com.marcdonald.hibi_37.apk,com.marcdonald.hibi,com.marcdonald.hibi.internal.base.HibiBottomSheetDialogFragment.java,_$_clearFindViewByIdCache,false
instrumentation/instrumentation_FDROID/com.marcdonald.hibi_37.apk,com.marcdonald.hibi,com.marcdonald.hibi.screens.main.MainScreenMenuDialog.java,_$_clearFindViewByIdCache,false
instrumentation/instrumentation_FDROID/com.marcdonald.hibi_37.apk,com.marcdonald.hibi,com.marcdonald.hibi.screens.books.mainbooks.BooksFragment.java,_$_clearFindViewByIdCache,false
instrumentation/instrumentation_FDROID/com.marcdonald.hibi_37.apk,com.marcdonald.hibi,com.marcdonald.hibi.screens.main.MainScreenFragment.java,_$_clearFindViewByIdCache,false
instrumentation/instrumentation_FDROID/com.marcdonald.hibi_37.apk,com.marcdonald.hibi,com.marcdonald.hibi.screens.entries.addentry.addtagtoentrydialog.AddTagToEntryDialog.java,_$_clearFindViewByIdCache,false
instrumentation/instrumentation_FDROID/com.marcdonald.hibi_37.apk,com.marcdonald.hibi,com.marcdonald.hibi.screens.settings.updatedialog.UpdateDialog.java,_$_clearFindViewByIdCache,false
instrumentation/instrumentation_FDROID/com.marcdonald.hibi_37.apk,com.marcdonald.hibi,com.marcdonald.hibi.screens.about.AboutFragment.java,_$_clearFindViewByIdCache,false
instrumentation/instrumentation_FDROID/com.marcdonald.hibi_37.apk,com.marcdonald.hibi,com.marcdonald.hibi.screens.throwback.ThrowbackFragment.java,_$_clearFindViewByIdCache,false
instrumentation/instrumentation_FDROID/com.marcdonald.hibi_37.apk,com.marcdonald.hibi,com.marcdonald.hibi.screens.searchentries.mainsearchentries.SearchEntriesFragment.java,_$_clearFindViewByIdCache,false
instrumentation/instrumentation_FDROID/com.marcdonald.hibi_37.apk,com.marcdonald.hibi,com.marcdonald.hibi.screens.search.searchresults.SearchResultsDialog.java,_$_clearFindViewByIdCache,false
instrumentation/instrumentation_FDROID/com.marcdonald.hibi_37.apk,com.marcdonald.hibi,com.marcdonald.hibi.screens.settings.MainEntriesDisplayPreferenceDialog.java,_$_clearFindViewByIdCache,false
instrumentation/instrumentation_FDROID/com.marcdonald.hibi_37.apk,com.marcdonald.hibi,com.marcdonald.hibi.screens.settings.backupdialog.BackupDialog.java,_$_clearFindViewByIdCache,false
instrumentation/instrumentation_FDROID/com.marcdonald.hibi_37.apk,com.marcdonald.hibi,com.marcdonald.hibi.uicomponents.views.ChipWithId.java,_$_clearFindViewByIdCache,false
instrumentation/instrumentation_FDROID/com.marcdonald.hibi_37.apk,com.marcdonald.hibi,com.marcdonald.hibi.screens.entries.addentry.AddEntryFragment.java,_$_clearFindViewByIdCache,false
instrumentation/instrumentation_FDROID/com.marcdonald.hibi_37.apk,com.marcdonald.hibi,com.marcdonald.hibi.screens.tags.taggedentries.TaggedEntriesFragment.java,_$_clearFindViewByIdCache,false
instrumentation/instrumentation_FDROID/com.marcdonald.hibi_37.apk,com.marcdonald.hibi,com.marcdonald.hibi.uicomponents.views.SearchBar.java,_$_clearFindViewByIdCache,false
instrumentation/instrumentation_FDROID/com.marcdonald.hibi_37.apk,com.marcdonald.hibi,com.marcdonald.hibi.screens.newwords.NewWordsFragment.java,_$_clearFindViewByIdCache,false
instrumentation/instrumentation_FDROID/com.marcdonald.hibi_37.apk,com.marcdonald.hibi,com.marcdonald.hibi.uicomponents.TimePickerDialog.java,_$_clearFindViewByIdCache,false
instrumentation/instrumentation_FDROID/com.marcdonald.hibi_37.apk,com.marcdonald.hibi,com.marcdonald.hibi.screens.statistics.StatisticsFragment.java,_$_clearFindViewByIdCache,false
instrumentation/instrumentation_FDROID/com.marcdonald.hibi_37.apk,com.marcdonald.hibi,com.marcdonald.hibi.screens.calendar.CalendarFragment.java,_$_clearFindViewByIdCache,false
instrumentation/instrumentation_FDROID/com.marcdonald.hibi_37.apk,com.marcdonald.hibi,com.marcdonald.hibi.screens.books.bookentries.BookEntriesFragment.java,_$_clearFindViewByIdCache,false
instrumentation/instrumentation_FDROID/com.marcdonald.hibi_37.apk,com.marcdonald.hibi,com.marcdonald.hibi.screens.about.PrivacyPolicyFragment.java,_$_clearFindViewByIdCache,false
instrumentation/instrumentation_FDROID/com.marcdonald.hibi_37.apk,com.marcdonald.hibi,com.marcdonald.hibi.screens.search.searchmoreinfo.SearchMoreInfoDialog.java,_$_clearFindViewByIdCache,false
instrumentation/instrumentation_FDROID/com.mde.potdroid_82.apk,com.mde.potdroid,com.mde.potdroid.helpers.i.java,removeAll,true
instrumentation/instrumentation_FDROID/com.mkulesh.onpc_36.apk,com.mkulesh.onpc,com.mkulesh.onpc.iscp.messages.ReceiverInformationMsg.java,parseXml,false
instrumentation/instrumentation_FDROID/com.mkulesh.onpc_36.apk,com.mkulesh.onpc,com.mkulesh.onpc.iscp.messages.MultiroomDeviceInformationMsg.java,parseXml,false
instrumentation/instrumentation_FDROID/com.mkulesh.onpc_36.apk,com.mkulesh.onpc,com.mkulesh.onpc.iscp.messages.ReceiverInformationMsg.java,parseXml,false
instrumentation/instrumentation_FDROID/com.mkulesh.onpc_36.apk,com.mkulesh.onpc,com.mkulesh.onpc.iscp.State.java,createDefaultReceiverInfo,false
instrumentation/instrumentation_FDROID/com.mkulesh.onpc_36.apk,com.mkulesh.onpc,com.mkulesh.onpc.iscp.messages.ReceiverInformationMsg.java,parseXml,false
instrumentation/instrumentation_FDROID/com.pi.attestation_14.apk,com.pi.attestation,com.pi.attestation.ui.creator.filler.InfoFragment.java,_$_clearFindViewByIdCache,false
instrumentation/instrumentation_FDROID/com.pi.attestation_14.apk,com.pi.attestation,com.pi.attestation.ui.viewer.PdfViewerFragment.java,_$_clearFindViewByIdCache,false
instrumentation/instrumentation_FDROID/com.pi.attestation_14.apk,com.pi.attestation,com.pi.attestation.ui.creator.CertificateCreatorActivity.java,_$_clearFindViewByIdCache,false
instrumentation/instrumentation_FDROID/com.pi.attestation_14.apk,com.pi.attestation,com.pi.attestation.ui.profile.ProfileFragment.java,_$_clearFindViewByIdCache,false
instrumentation/instrumentation_FDROID/com.pi.attestation_14.apk,com.pi.attestation,com.pi.attestation.ui.tools.SaverFragment.java,_$_clearFindViewByIdCache,false
instrumentation/instrumentation_FDROID/com.pi.attestation_14.apk,com.pi.attestation,com.pi.attestation.ui.creator.filler.DateTimeFragment.java,_$_clearFindViewByIdCache,false
instrumentation/instrumentation_FDROID/com.pi.attestation_14.apk,com.pi.attestation,com.pi.attestation.ui.creator.filler.ReasonPickerFragment.java,_$_clearFindViewByIdCache,false
instrumentation/instrumentation_FDROID/com.pi.attestation_14.apk,com.pi.attestation,com.pi.attestation.ui.contribute.ContributeFragment.java,_$_clearFindViewByIdCache,false
instrumentation/instrumentation_FDROID/com.pi.attestation_14.apk,com.pi.attestation,com.pi.attestation.ui.settings.SettingsFragment.java,_$_clearFindViewByIdCache,false
instrumentation/instrumentation_FDROID/com.pi.attestation_14.apk,com.pi.attestation,com.pi.attestation.ui.home.HomeFragment.java,_$_clearFindViewByIdCache,false
instrumentation/instrumentation_FDROID/com.pi.attestation_14.apk,com.pi.attestation,com.pi.attestation.MainActivity.java,_$_clearFindViewByIdCache,false
instrumentation/instrumentation_FDROID/com.pi.attestation_14.apk,com.pi.attestation,com.pi.attestation.ui.eula.EulaFragment.java,_$_clearFindViewByIdCache,false
instrumentation/instrumentation_FDROID/com.pi.attestation_14.apk,com.pi.attestation,com.pi.attestation.ui.viewer.CertificateViewerActivity.java,_$_clearFindViewByIdCache,false
instrumentation/instrumentation_FDROID/com.powerje.nyan_13.apk,com.powerje.nyan,com.powerje.nyan.NyanSettingsFragment.java,Ja,false
instrumentation/instrumentation_FDROID/com.rareventure.gps2_91.apk,com.rareventure.gps2,com.rareventure.gps2.reviewer.imageviewer.LruCache.java,clear,false
instrumentation/instrumentation_FDROID/com.rareventure.gps2_91.apk,com.rareventure.gps2,com.rareventure.gps2.reviewer.imageviewer.LruCache.java,clear,false
instrumentation/instrumentation_FDROID/com.rfo.basic_500.apk,com.rfo.basic,com.rfo.basic.Run$Interpreter.java,cleanUp,false
instrumentation/instrumentation_FDROID/com.rohit2810.spotit_2.apk,com.rohit2810.spotit,com.rohit2810.spotit.MainActivity.java,_$_clearFindViewByIdCache,false
instrumentation/instrumentation_FDROID/com.rohit2810.spotit_2.apk,com.rohit2810.spotit,com.rohit2810.spotit.SplashActivity.java,_$_clearFindViewByIdCache,false
instrumentation/instrumentation_FDROID/com.rohit2810.spotit_2.apk,com.rohit2810.spotit,com.rohit2810.spotit.HowItWorksActivity.java,_$_clearFindViewByIdCache,false
instrumentation/instrumentation_FDROID/com.rohitsuratekar.NCBSinfo_74.apk,com.rohitsuratekar.NCBSinfo,com.rohitsuratekar.NCBSinfo.fragments.TransportRoutesFragment.java,_$_clearFindViewByIdCache,false
instrumentation/instrumentation_FDROID/com.rohitsuratekar.NCBSinfo_74.apk,com.rohitsuratekar.NCBSinfo,com.rohitsuratekar.NCBSinfo.fragments.AddRouteNamesFragment.java,_$_clearFindViewByIdCache,false
instrumentation/instrumentation_FDROID/com.rohitsuratekar.NCBSinfo_74.apk,com.rohitsuratekar.NCBSinfo,com.rohitsuratekar.NCBSinfo.fragments.TimetableFragment.java,_$_clearFindViewByIdCache,false
instrumentation/instrumentation_FDROID/com.rohitsuratekar.NCBSinfo_74.apk,com.rohitsuratekar.NCBSinfo,com.rohitsuratekar.NCBSinfo.fragments.LandingFragment.java,_$_clearFindViewByIdCache,false
instrumentation/instrumentation_FDROID/com.rohitsuratekar.NCBSinfo_74.apk,com.rohitsuratekar.NCBSinfo,com.rohitsuratekar.NCBSinfo.fragments.LocationFragment.java,_$_clearFindViewByIdCache,false
instrumentation/instrumentation_FDROID/com.rohitsuratekar.NCBSinfo_74.apk,com.rohitsuratekar.NCBSinfo,com.rohitsuratekar.NCBSinfo.fragments.AddFrequencyFragment.java,_$_clearFindViewByIdCache,false
instrumentation/instrumentation_FDROID/com.rohitsuratekar.NCBSinfo_74.apk,com.rohitsuratekar.NCBSinfo,com.rohitsuratekar.NCBSinfo.fragments.AdjustTripFragment.java,_$_clearFindViewByIdCache,false
instrumentation/instrumentation_FDROID/com.rohitsuratekar.NCBSinfo_74.apk,com.rohitsuratekar.NCBSinfo,com.rohitsuratekar.NCBSinfo.fragments.AddTripsFragment.java,_$_clearFindViewByIdCache,false
instrumentation/instrumentation_FDROID/com.rohitsuratekar.NCBSinfo_74.apk,com.rohitsuratekar.NCBSinfo,com.rohitsuratekar.NCBSinfo.fragments.ConfirmEditFragment.java,_$_clearFindViewByIdCache,false
instrumentation/instrumentation_FDROID/com.rohitsuratekar.NCBSinfo_74.apk,com.rohitsuratekar.NCBSinfo,com.rohitsuratekar.NCBSinfo.EditTransport.java,_$_clearFindViewByIdCache,false
instrumentation/instrumentation_FDROID/com.rohitsuratekar.NCBSinfo_74.apk,com.rohitsuratekar.NCBSinfo,com.rohitsuratekar.NCBSinfo.fragments.InformationFragment.java,_$_clearFindViewByIdCache,false
instrumentation/instrumentation_FDROID/com.rohitsuratekar.NCBSinfo_74.apk,com.rohitsuratekar.NCBSinfo,com.rohitsuratekar.NCBSinfo.MainActivity.java,_$_clearFindViewByIdCache,false
instrumentation/instrumentation_FDROID/com.rohitsuratekar.NCBSinfo_74.apk,com.rohitsuratekar.NCBSinfo,com.rohitsuratekar.NCBSinfo.models.EditFragment.java,_$_clearFindViewByIdCache,false
instrumentation/instrumentation_FDROID/com.rohitsuratekar.NCBSinfo_74.apk,com.rohitsuratekar.NCBSinfo,com.rohitsuratekar.NCBSinfo.fragments.AddTransportTypeFragment.java,_$_clearFindViewByIdCache,false
instrumentation/instrumentation_FDROID/com.rohitsuratekar.NCBSinfo_74.apk,com.rohitsuratekar.NCBSinfo,com.rohitsuratekar.NCBSinfo.fragments.ManageTransportFragment.java,_$_clearFindViewByIdCache,false
instrumentation/instrumentation_FDROID/com.rohitsuratekar.NCBSinfo_74.apk,com.rohitsuratekar.NCBSinfo,com.rohitsuratekar.NCBSinfo.models.MyFragment.java,_$_clearFindViewByIdCache,false
instrumentation/instrumentation_FDROID/com.rohitsuratekar.NCBSinfo_74.apk,com.rohitsuratekar.NCBSinfo,com.rohitsuratekar.NCBSinfo.fragments.SettingsFragment.java,_$_clearFindViewByIdCache,false
instrumentation/instrumentation_FDROID/com.rohitsuratekar.NCBSinfo_74.apk,com.rohitsuratekar.NCBSinfo,com.rohitsuratekar.NCBSinfo.fragments.SettingsInfoFragment.java,_$_clearFindViewByIdCache,false
instrumentation/instrumentation_FDROID/com.rohitsuratekar.NCBSinfo_74.apk,com.rohitsuratekar.NCBSinfo,com.rohitsuratekar.NCBSinfo.fragments.ContactDetailsFragment.java,_$_clearFindViewByIdCache,false
instrumentation/instrumentation_FDROID/com.rohitsuratekar.NCBSinfo_74.apk,com.rohitsuratekar.NCBSinfo,com.rohitsuratekar.NCBSinfo.fragments.HomeFragment.java,_$_clearFindViewByIdCache,false
instrumentation/instrumentation_FDROID/com.rohitsuratekar.NCBSinfo_74.apk,com.rohitsuratekar.NCBSinfo,com.rohitsuratekar.NCBSinfo.fragments.ContactsFragment.java,_$_clearFindViewByIdCache,false
instrumentation/instrumentation_FDROID/com.rohitsuratekar.NCBSinfo_74.apk,com.rohitsuratekar.NCBSinfo,com.rohitsuratekar.NCBSinfo.fragments.SelectTripDayFragment.java,_$_clearFindViewByIdCache,false
instrumentation/instrumentation_FDROID/com.samco.trackandgraph_200100.apk,com.samco.trackandgraph,com.samco.trackandgraph.faq.FAQ2Fragment.java,_$_clearFindViewByIdCache,false
instrumentation/instrumentation_FDROID/com.samco.trackandgraph_200100.apk,com.samco.trackandgraph,com.samco.trackandgraph.faq.FAQFragment.java,_$_clearFindViewByIdCache,false
instrumentation/instrumentation_FDROID/com.samco.trackandgraph_200100.apk,com.samco.trackandgraph,com.samco.trackandgraph.faq.FAQ3Fragment.java,_$_clearFindViewByIdCache,false
instrumentation/instrumentation_FDROID/com.samco.trackandgraph_200100.apk,com.samco.trackandgraph,com.samco.trackandgraph.displaytrackgroup.InputDataPointDialog.java,_$_clearFindViewByIdCache,false
instrumentation/instrumentation_FDROID/com.samco.trackandgraph_200100.apk,com.samco.trackandgraph,com.samco.trackandgraph.rateapp.RateAppRedirectFragment.java,_$_clearFindViewByIdCache,false
instrumentation/instrumentation_FDROID/com.samco.trackandgraph_200100.apk,com.samco.trackandgraph,com.samco.trackandgraph.featurehistory.FragmentFeatureHistory.java,_$_clearFindViewByIdCache,false
instrumentation/instrumentation_FDROID/com.samco.trackandgraph_200100.apk,com.samco.trackandgraph,com.samco.trackandgraph.group.AddGroupDialog.java,_$_clearFindViewByIdCache,false
instrumentation/instrumentation_FDROID/com.samco.trackandgraph_200100.apk,com.samco.trackandgraph,com.samco.trackandgraph.graphstatinput.configviews.ValueStatConfigView.java,_$_clearFindViewByIdCache,false
instrumentation/instrumentation_FDROID/com.samco.trackandgraph_200100.apk,com.samco.trackandgraph,com.samco.trackandgraph.displaytrackgroup.ExportFeaturesDialog.java,_$_clearFindViewByIdCache,false
instrumentation/instrumentation_FDROID/com.samco.trackandgraph_200100.apk,com.samco.trackandgraph,com.samco.trackandgraph.ui.YesCancelDialogFragment.java,_$_clearFindViewByIdCache,false
instrumentation/instrumentation_FDROID/com.samco.trackandgraph_200100.apk,com.samco.trackandgraph,com.samco.trackandgraph.graphstatinput.GraphStatInputFragment.java,_$_clearFindViewByIdCache,false
instrumentation/instrumentation_FDROID/com.samco.trackandgraph_200100.apk,com.samco.trackandgraph,com.samco.trackandgraph.viewgraphstat.ViewGraphStatFragment.java,_$_clearFindViewByIdCache,false
instrumentation/instrumentation_FDROID/com.samco.trackandgraph_200100.apk,com.samco.trackandgraph,com.samco.trackandgraph.MainActivity.java,_$_clearFindViewByIdCache,false
instrumentation/instrumentation_FDROID/com.samco.trackandgraph_200100.apk,com.samco.trackandgraph,com.samco.trackandgraph.graphstatview.GraphStatCardView.java,_$_clearFindViewByIdCache,false
instrumentation/instrumentation_FDROID/com.samco.trackandgraph_200100.apk,com.samco.trackandgraph,com.samco.trackandgraph.widgets.TrackWidgetInputDataPointActivity.java,_$_clearFindViewByIdCache,false
instrumentation/instrumentation_FDROID/com.samco.trackandgraph_200100.apk,com.samco.trackandgraph,com.samco.trackandgraph.aboutpage.AboutPageFragment.java,_$_clearFindViewByIdCache,false
instrumentation/instrumentation_FDROID/com.samco.trackandgraph_200100.apk,com.samco.trackandgraph,com.samco.trackandgraph.notes.GlobalNoteInputDialog.java,_$_clearFindViewByIdCache,false
instrumentation/instrumentation_FDROID/com.samco.trackandgraph_200100.apk,com.samco.trackandgraph,com.samco.trackandgraph.faq.FAQ7Fragment.java,_$_clearFindViewByIdCache,false
instrumentation/instrumentation_FDROID/com.samco.trackandgraph_200100.apk,com.samco.trackandgraph,com.samco.trackandgraph.group.GroupFragment.java,_$_clearFindViewByIdCache,false
instrumentation/instrumentation_FDROID/com.samco.trackandgraph_200100.apk,com.samco.trackandgraph,com.samco.trackandgraph.displaytrackgroup.AddFeatureFragment.java,_$_clearFindViewByIdCache,false
instrumentation/instrumentation_FDROID/com.samco.trackandgraph_200100.apk,com.samco.trackandgraph,com.samco.trackandgraph.graphstatinput.configviews.TimeSinceConfigView.java,_$_clearFindViewByIdCache,false
instrumentation/instrumentation_FDROID/com.samco.trackandgraph_200100.apk,com.samco.trackandgraph,com.samco.trackandgraph.widgets.TrackWidgetConfigureDialog.java,_$_clearFindViewByIdCache,false
instrumentation/instrumentation_FDROID/com.samco.trackandgraph_200100.apk,com.samco.trackandgraph,com.samco.trackandgraph.graphstatinput.configviews.LineGraphConfigView.java,_$_clearFindViewByIdCache,false
instrumentation/instrumentation_FDROID/com.samco.trackandgraph_200100.apk,com.samco.trackandgraph,com.samco.trackandgraph.graphstatinput.customviews.LineGraphFeatureConfigListItemView.java,_$_clearFindViewByIdCache,false
instrumentation/instrumentation_FDROID/com.samco.trackandgraph_200100.apk,com.samco.trackandgraph,com.samco.trackandgraph.widgets.TrackWidgetConfigureActivity.java,_$_clearFindViewByIdCache,false
instrumentation/instrumentation_FDROID/com.samco.trackandgraph_200100.apk,com.samco.trackandgraph,com.samco.trackandgraph.graphstatinput.configviews.AverageTimeBetweenConfigView.java,_$_clearFindViewByIdCache,false
instrumentation/instrumentation_FDROID/com.samco.trackandgraph_200100.apk,com.samco.trackandgraph,com.samco.trackandgraph.faq.FAQ6Fragment.java,_$_clearFindViewByIdCache,false
instrumentation/instrumentation_FDROID/com.samco.trackandgraph_200100.apk,com.samco.trackandgraph,com.samco.trackandgraph.widgets.TrackWidgetInputDataPointDialog.java,_$_clearFindViewByIdCache,false
instrumentation/instrumentation_FDROID/com.samco.trackandgraph_200100.apk,com.samco.trackandgraph,com.samco.trackandgraph.notes.NotesFragment.java,_$_clearFindViewByIdCache,false
instrumentation/instrumentation_FDROID/com.samco.trackandgraph_200100.apk,com.samco.trackandgraph,com.samco.trackandgraph.faq.FAQ5Fragment.java,_$_clearFindViewByIdCache,false
instrumentation/instrumentation_FDROID/com.samco.trackandgraph_200100.apk,com.samco.trackandgraph,com.samco.trackandgraph.ui.ExtendedSpinner.java,_$_clearFindViewByIdCache,false
instrumentation/instrumentation_FDROID/com.samco.trackandgraph_200100.apk,com.samco.trackandgraph,com.samco.trackandgraph.faq.FAQ4Fragment.java,_$_clearFindViewByIdCache,false
instrumentation/instrumentation_FDROID/com.samco.trackandgraph_200100.apk,com.samco.trackandgraph,com.samco.trackandgraph.ui.MoveToDialogFragment.java,_$_clearFindViewByIdCache,false
instrumentation/instrumentation_FDROID/com.samco.trackandgraph_200100.apk,com.samco.trackandgraph,com.samco.trackandgraph.graphstatinput.configviews.PieChartConfigView.java,_$_clearFindViewByIdCache,false
instrumentation/instrumentation_FDROID/com.samco.trackandgraph_200100.apk,com.samco.trackandgraph,com.samco.trackandgraph.displaytrackgroup.ImportFeaturesDialog.java,_$_clearFindViewByIdCache,false
instrumentation/instrumentation_FDROID/com.samco.trackandgraph_200100.apk,com.samco.trackandgraph,com.samco.trackandgraph.graphstatinput.configviews.GraphStatConfigView.java,_$_clearFindViewByIdCache,false
instrumentation/instrumentation_FDROID/com.samco.trackandgraph_200100.apk,com.samco.trackandgraph,com.samco.trackandgraph.ui.GraphLegendItemView.java,_$_clearFindViewByIdCache,false
instrumentation/instrumentation_FDROID/com.samco.trackandgraph_200100.apk,com.samco.trackandgraph,com.samco.trackandgraph.backupandrestore.BackupAndRestoreFragment.java,_$_clearFindViewByIdCache,false
instrumentation/instrumentation_FDROID/com.samco.trackandgraph_200100.apk,com.samco.trackandgraph,com.samco.trackandgraph.graphstatinput.configviews.TimeHistogramConfigView.java,_$_clearFindViewByIdCache,false
instrumentation/instrumentation_FDROID/com.samco.trackandgraph_200100.apk,com.samco.trackandgraph,com.samco.trackandgraph.displaytrackgroup.DataPointInputView.java,_$_clearFindViewByIdCache,false
instrumentation/instrumentation_FDROID/com.samco.trackandgraph_200100.apk,com.samco.trackandgraph,com.samco.trackandgraph.graphstatview.GraphStatView.java,_$_clearFindViewByIdCache,false
instrumentation/instrumentation_FDROID/com.samco.trackandgraph_200100.apk,com.samco.trackandgraph,com.samco.trackandgraph.ui.DurationInputView.java,_$_clearFindViewByIdCache,false
instrumentation/instrumentation_FDROID/com.samco.trackandgraph_200100.apk,com.samco.trackandgraph,com.samco.trackandgraph.reminders.RemindersFragment.java,_$_clearFindViewByIdCache,false
instrumentation/instrumentation_FDROID/com.samco.trackandgraph_200100.apk,com.samco.trackandgraph,com.samco.trackandgraph.faq.FAQ1Fragment.java,_$_clearFindViewByIdCache,false
instrumentation/instrumentation_FDROID/com.scraperclub.android_1.apk,com.scraperclub.android,com.scraperclub.android.DescriptionActivity$DescriptionPageFragment.java,_$_clearFindViewByIdCache,false
instrumentation/instrumentation_FDROID/com.scraperclub.android_1.apk,com.scraperclub.android,com.scraperclub.android.DescriptionActivity.java,_$_clearFindViewByIdCache,false
instrumentation/instrumentation_FDROID/com.sentienhq.launcher_165.apk,com.sentienhq.launcher,com.sentienhq.launcher.searcher.ApplicationsSearcher.java,onPostExecute,true
instrumentation/instrumentation_FDROID/com.sentienhq.launcher_165.apk,com.sentienhq.launcher,com.sentienhq.launcher.searcher.Searcher.java,onPostExecute,true
instrumentation/instrumentation_FDROID/com.servoz.appsdisabler_122.apk,com.servoz.appsdisabler,com.servoz.appsdisabler.config.AppsListFragment.java,_$_clearFindViewByIdCache,false
instrumentation/instrumentation_FDROID/com.servoz.appsdisabler_122.apk,com.servoz.appsdisabler,com.servoz.appsdisabler.AppsActivity.java,_$_clearFindViewByIdCache,false
instrumentation/instrumentation_FDROID/com.servoz.appsdisabler_122.apk,com.servoz.appsdisabler,com.servoz.appsdisabler.LauncherSlideFragment.java,_$_clearFindViewByIdCache,false
instrumentation/instrumentation_FDROID/com.servoz.appsdisabler_122.apk,com.servoz.appsdisabler,com.servoz.appsdisabler.config.Config.java,_$_clearFindViewByIdCache,false
instrumentation/instrumentation_FDROID/com.servoz.appsdisabler_122.apk,com.servoz.appsdisabler,com.servoz.appsdisabler.WidgetAniActivity.java,_$_clearFindViewByIdCache,false
instrumentation/instrumentation_FDROID/com.servoz.appsdisabler_122.apk,com.servoz.appsdisabler,com.servoz.appsdisabler.LauncherActivity.java,_$_clearFindViewByIdCache,false
instrumentation/instrumentation_FDROID/com.simplemobiletools.gallery_207.apk,com.simplemobiletools.gallery,com.simplemobiletools.gallery.activities.SplashActivity.java,_$_clearFindViewByIdCache,false
instrumentation/instrumentation_FDROID/com.simplemobiletools.gallery_207.apk,com.simplemobiletools.gallery,com.simplemobiletools.gallery.views.MySquareImageView.java,_$_clearFindViewByIdCache,false
instrumentation/instrumentation_FDROID/com.simplemobiletools.gallery_207.apk,com.simplemobiletools.gallery,com.simplemobiletools.gallery.activities.MediaActivity.java,_$_clearFindViewByIdCache,false
instrumentation/instrumentation_FDROID/com.simplemobiletools.gallery_207.apk,com.simplemobiletools.gallery,com.simplemobiletools.gallery.activities.IncludedFoldersActivity.java,_$_clearFindViewByIdCache,false
instrumentation/instrumentation_FDROID/com.simplemobiletools.gallery_207.apk,com.simplemobiletools.gallery,com.simplemobiletools.gallery.views.InstantItemSwitch.java,_$_clearFindViewByIdCache,false
instrumentation/instrumentation_FDROID/com.simplemobiletools.gallery_207.apk,com.simplemobiletools.gallery,com.simplemobiletools.gallery.activities.ExcludedFoldersActivity.java,_$_clearFindViewByIdCache,false
instrumentation/instrumentation_FDROID/com.simplemobiletools.gallery_207.apk,com.simplemobiletools.gallery,com.simplemobiletools.gallery.activities.SettingsActivity.java,_$_clearFindViewByIdCache,false
instrumentation/instrumentation_FDROID/com.simplemobiletools.gallery_207.apk,com.simplemobiletools.gallery,com.simplemobiletools.gallery.activities.PhotoVideoActivity.java,_$_clearFindViewByIdCache,false
instrumentation/instrumentation_FDROID/com.simplemobiletools.gallery_207.apk,com.simplemobiletools.gallery,com.simplemobiletools.gallery.fragments.VideoFragment.java,_$_clearFindViewByIdCache,false
instrumentation/instrumentation_FDROID/com.simplemobiletools.gallery_207.apk,com.simplemobiletools.gallery,com.simplemobiletools.gallery.activities.SetWallpaperActivity.java,_$_clearFindViewByIdCache,false
instrumentation/instrumentation_FDROID/com.simplemobiletools.gallery_207.apk,com.simplemobiletools.gallery,com.simplemobiletools.gallery.activities.ViewPagerActivity.java,_$_clearFindViewByIdCache,false
instrumentation/instrumentation_FDROID/com.simplemobiletools.gallery_207.apk,com.simplemobiletools.gallery,com.simplemobiletools.gallery.fragments.PhotoFragment.java,_$_clearFindViewByIdCache,false
instrumentation/instrumentation_FDROID/com.simplemobiletools.gallery_207.apk,com.simplemobiletools.gallery,com.simplemobiletools.gallery.activities.PanoramaPhotoActivity.java,_$_clearFindViewByIdCache,false
instrumentation/instrumentation_FDROID/com.simplemobiletools.gallery_207.apk,com.simplemobiletools.gallery,com.simplemobiletools.gallery.activities.PhotoActivity.java,_$_clearFindViewByIdCache,false
instrumentation/instrumentation_FDROID/com.simplemobiletools.gallery_207.apk,com.simplemobiletools.gallery,com.simplemobiletools.gallery.activities.HiddenFoldersActivity.java,_$_clearFindViewByIdCache,false
instrumentation/instrumentation_FDROID/com.simplemobiletools.gallery_207.apk,com.simplemobiletools.gallery,com.simplemobiletools.gallery.views.MediaSideScroll.java,_$_clearFindViewByIdCache,false
instrumentation/instrumentation_FDROID/com.simplemobiletools.gallery_207.apk,com.simplemobiletools.gallery,com.simplemobiletools.gallery.activities.EditActivity.java,_$_clearFindViewByIdCache,false
instrumentation/instrumentation_FDROID/com.simplemobiletools.gallery_207.apk,com.simplemobiletools.gallery,com.simplemobiletools.gallery.activities.SimpleActivity.java,_$_clearFindViewByIdCache,false
instrumentation/instrumentation_FDROID/com.simplemobiletools.gallery_207.apk,com.simplemobiletools.gallery,com.simplemobiletools.gallery.activities.MainActivity.java,_$_clearFindViewByIdCache,false
instrumentation/instrumentation_FDROID/com.simplemobiletools.gallery_207.apk,com.simplemobiletools.gallery,com.simplemobiletools.gallery.fragments.ViewPagerFragment.java,_$_clearFindViewByIdCache,false
instrumentation/instrumentation_FDROID/com.simplemobiletools.gallery_207.apk,com.simplemobiletools.gallery,com.simplemobiletools.gallery.activities.VideoActivity.java,_$_clearFindViewByIdCache,false
instrumentation/instrumentation_FDROID/com.simplemobiletools.gallery_207.apk,com.simplemobiletools.gallery,com.simplemobiletools.gallery.activities.PanoramaVideoActivity.java,_$_clearFindViewByIdCache,false
instrumentation/instrumentation_FDROID/com.simplemobiletools.notes_54.apk,com.simplemobiletools.notes,com.simplemobiletools.notes.d.a.java,ao,true
instrumentation/instrumentation_FDROID/com.spisoft.quicknote_241.apk,com.spisoft.quicknote,com.spisoft.quicknote.utils.WebFragment.java,_$_clearFindViewByIdCache,false
instrumentation/instrumentation_FDROID/com.tistory.deque.previewmaker_22.apk,com.tistory.deque.previewmaker,com.tistory.deque.previewmaker.kotlin.helpmain.KtHelpMainActivity.java,_$_clearFindViewByIdCache,false
instrumentation/instrumentation_FDROID/com.tistory.deque.previewmaker_22.apk,com.tistory.deque.previewmaker,com.tistory.deque.previewmaker.kotlin.customview.CustomPreviewCanvas.java,_$_clearFindViewByIdCache,false
instrumentation/instrumentation_FDROID/com.tistory.deque.previewmaker_22.apk,com.tistory.deque.previewmaker,com.tistory.deque.previewmaker.kotlin.previewedit.KtPreviewEditActivity.java,_$_clearFindViewByIdCache,false
instrumentation/instrumentation_FDROID/com.tistory.deque.previewmaker_22.apk,com.tistory.deque.previewmaker,com.tistory.deque.previewmaker.kotlin.main.KtMainActivity.java,_$_clearFindViewByIdCache,false
instrumentation/instrumentation_FDROID/com.tistory.deque.previewmaker_22.apk,com.tistory.deque.previewmaker,com.tistory.deque.previewmaker.kotlin.opensource.KtOpenSourceActivity.java,_$_clearFindViewByIdCache,false
instrumentation/instrumentation_FDROID/com.tistory.deque.previewmaker_22.apk,com.tistory.deque.previewmaker,com.tistory.deque.previewmaker.kotlin.base.BaseKotlinActivity.java,_$_clearFindViewByIdCache,false
instrumentation/instrumentation_FDROID/com.tistory.deque.previewmaker_22.apk,com.tistory.deque.previewmaker,com.tistory.deque.previewmaker.kotlin.makestamp.KtMakeStampActivity.java,_$_clearFindViewByIdCache,false
instrumentation/instrumentation_FDROID/com.tistory.deque.previewmaker_22.apk,com.tistory.deque.previewmaker,com.tistory.deque.previewmaker.kotlin.helppreviewedit.KtHelpPreviewEditActivity.java,_$_clearFindViewByIdCache,false
instrumentation/instrumentation_FDROID/com.tistory.deque.previewmaker_22.apk,com.tistory.deque.previewmaker,com.tistory.deque.previewmaker.kotlin.credit.KtCreditActivity.java,_$_clearFindViewByIdCache,false
instrumentation/instrumentation_FDROID/com.tistory.deque.previewmaker_22.apk,com.tistory.deque.previewmaker,com.tistory.deque.previewmaker.kotlin.customview.CustomPreviewEditGroup.java,_$_clearFindViewByIdCache,false
instrumentation/instrumentation_FDROID/com.tistory.deque.previewmaker_22.apk,com.tistory.deque.previewmaker,com.tistory.deque.previewmaker.kotlin.setting.KtSettingActivity.java,_$_clearFindViewByIdCache,false
instrumentation/instrumentation_FDROID/com.tomer.draw_100.apk,com.tomer.draw,com.tomer.draw.a.a.a.a.java,X,false
instrumentation/instrumentation_FDROID/com.tomer.draw_100.apk,com.tomer.draw,com.tomer.draw.a.a.b.java,X,false
instrumentation/instrumentation_FDROID/com.tomer.draw_100.apk,com.tomer.draw,com.tomer.draw.gallery.d.java,X,false
instrumentation/instrumentation_FDROID/com.transway.caresteouvert_202011270.apk,com.transway.caresteouvert,com.transway.caresteouvert.AboutFragment.java,_$_clearFindViewByIdCache,false
instrumentation/instrumentation_FDROID/com.transway.caresteouvert_202011270.apk,com.transway.caresteouvert,com.transway.caresteouvert.MainActivity.java,_$_clearFindViewByIdCache,false
instrumentation/instrumentation_FDROID/com.transway.caresteouvert_202011270.apk,com.transway.caresteouvert,com.transway.caresteouvert.SplashActivity.java,_$_clearFindViewByIdCache,false
instrumentation/instrumentation_FDROID/com.transway.caresteouvert_202011270.apk,com.transway.caresteouvert,com.transway.caresteouvert.OnBoardingActivity.java,_$_clearFindViewByIdCache,false
instrumentation/instrumentation_FDROID/com.transway.caresteouvert_202011270.apk,com.transway.caresteouvert,com.transway.caresteouvert.SummaryFragment.java,_$_clearFindViewByIdCache,false
instrumentation/instrumentation_FDROID/com.tuyafeng.watt_4.apk,com.tuyafeng.watt,com.tuyafeng.watt.apps.AppMenuFragment.java,S,false
instrumentation/instrumentation_FDROID/com.tuyafeng.watt_4.apk,com.tuyafeng.watt,com.tuyafeng.watt.appdetail.ComponentFragment.java,S,false
instrumentation/instrumentation_FDROID/com.tuyafeng.watt_4.apk,com.tuyafeng.watt,com.tuyafeng.watt.appdetail.AppDetailFragment.java,S,false
instrumentation/instrumentation_FDROID/com.ultramegatech.ey_36.apk,com.ultramegatech.ey,com.ultramegatech.ey.widget.d.java,b,false
instrumentation/instrumentation_FDROID/com.urbandroid.dontkillmyapp_20.apk,com.urbandroid.dontkillmyapp,com.urbandroid.dontkillmyapp.ResultActivity.java,_$_clearFindViewByIdCache,false
instrumentation/instrumentation_FDROID/com.urbandroid.dontkillmyapp_20.apk,com.urbandroid.dontkillmyapp,com.urbandroid.dontkillmyapp.MainActivity.java,_$_clearFindViewByIdCache,false
instrumentation/instrumentation_FDROID/com.urbandroid.dontkillmyapp_20.apk,com.urbandroid.dontkillmyapp,com.urbandroid.dontkillmyapp.gui.BenchmarkView.java,_$_clearFindViewByIdCache,false
instrumentation/instrumentation_FDROID/com.urbandroid.dontkillmyapp_20.apk,com.urbandroid.dontkillmyapp,com.urbandroid.dontkillmyapp.RateActivity.java,_$_clearFindViewByIdCache,false
instrumentation/instrumentation_FDROID/com.vaudibert.canidrive_17.apk,com.vaudibert.canidrive,com.vaudibert.canidrive.ui.fragment.EditPresetFragment.java,_$_clearFindViewByIdCache,true
instrumentation/instrumentation_FDROID/com.vaudibert.canidrive_17.apk,com.vaudibert.canidrive,com.vaudibert.canidrive.ui.fragment.DriveFragment.java,_$_clearFindViewByIdCache,true
instrumentation/instrumentation_FDROID/com.vaudibert.canidrive_17.apk,com.vaudibert.canidrive,com.vaudibert.canidrive.ui.fragment.AddDrinkFragment.java,_$_clearFindViewByIdCache,true
instrumentation/instrumentation_FDROID/com.vaudibert.canidrive_17.apk,com.vaudibert.canidrive,com.vaudibert.canidrive.ui.MainActivity.java,_$_clearFindViewByIdCache,false
instrumentation/instrumentation_FDROID/com.vaudibert.canidrive_17.apk,com.vaudibert.canidrive,com.vaudibert.canidrive.ui.fragment.SplashFragment.java,_$_clearFindViewByIdCache,true
instrumentation/instrumentation_FDROID/com.vaudibert.canidrive_17.apk,com.vaudibert.canidrive,com.vaudibert.canidrive.ui.fragment.DrinkerFragment.java,_$_clearFindViewByIdCache,true
instrumentation/instrumentation_FDROID/com.xabber.android_644.apk,com.xabber.android,com.xabber.android.data.notification.MessageNotificationManager.java,onLoaded,true
instrumentation/instrumentation_FDROID/com.yubico.yubioath_20199.apk,com.yubico.yubioath,com.yubico.yubioath.ui.settings.SettingsFragment.java,la,false
instrumentation/instrumentation_FDROID/com.yubico.yubioath_20199.apk,com.yubico.yubioath,com.yubico.yubioath.ui.add.AddCredentialFragment.java,da,true
instrumentation/instrumentation_FDROID/com.yubico.yubioath_20199.apk,com.yubico.yubioath,com.yubico.yubioath.ui.password.PasswordFragment.java,da,false
instrumentation/instrumentation_FDROID/com.yubico.yubioath_20199.apk,com.yubico.yubioath,com.yubico.yubioath.ui.main.CredentialFragment.java,fa,true
instrumentation/instrumentation_FDROID/de.csicar.mensaplan_4.apk,de.csicar.mensaplan,de.csicar.mensaplan.MealPropertyFragment.java,_$_clearFindViewByIdCache,false
instrumentation/instrumentation_FDROID/de.csicar.mensaplan_4.apk,de.csicar.mensaplan,de.csicar.mensaplan.CanteenDetail.java,_$_clearFindViewByIdCache,false
instrumentation/instrumentation_FDROID/de.csicar.mensaplan_4.apk,de.csicar.mensaplan,de.csicar.mensaplan.DayOverview.java,_$_clearFindViewByIdCache,false
instrumentation/instrumentation_FDROID/de.csicar.mensaplan_4.apk,de.csicar.mensaplan,de.csicar.mensaplan.kitcard.KitCardActivity.java,_$_clearFindViewByIdCache,false
instrumentation/instrumentation_FDROID/de.csicar.mensaplan_4.apk,de.csicar.mensaplan,de.csicar.mensaplan.SettingsActivity.java,_$_clearFindViewByIdCache,false
instrumentation/instrumentation_FDROID/de.csicar.mensaplan_4.apk,de.csicar.mensaplan,de.csicar.mensaplan.SettingsActivity$DataSyncPreferenceFragment.java,_$_clearFindViewByIdCache,false
instrumentation/instrumentation_FDROID/de.csicar.mensaplan_4.apk,de.csicar.mensaplan,de.csicar.mensaplan.AppCompatPreferenceActivity.java,_$_clearFindViewByIdCache,false
instrumentation/instrumentation_FDROID/de.csicar.mensaplan_4.apk,de.csicar.mensaplan,de.csicar.mensaplan.MealDetailActivity.java,_$_clearFindViewByIdCache,false
instrumentation/instrumentation_FDROID/de.csicar.mensaplan_4.apk,de.csicar.mensaplan,de.csicar.mensaplan.MainActivity.java,_$_clearFindViewByIdCache,false
instrumentation/instrumentation_FDROID/de.csicar.mensaplan_4.apk,de.csicar.mensaplan,de.csicar.mensaplan.SettingsActivity$GeneralPreferenceFragment.java,_$_clearFindViewByIdCache,false
instrumentation/instrumentation_FDROID/io.github.lonamiwebs.stringlate_1007.apk,io.github.lonamiwebs.stringlate,io.github.lonamiwebs.stringlate.classes.sources.GitSource.java,dispose,true
instrumentation/instrumentation_FDROID/org.ligi.fahrplan_50.apk,org.ligi.fahrplan,org.ligi.fahrplan.FahrplanFragment.java,loadLectureList,true
instrumentation/instrumentation_FDROID/org.ligi.gobandroid_hd_259.apk,org.ligi.gobandroid_hd,org.ligi.gobandroid_hd.ui.editing.EditGameExtrasFragment.java,a,true
instrumentation/instrumentation_FDROID/org.ligi.gobandroid_hd_259.apk,org.ligi.gobandroid_hd,org.ligi.gobandroid_hd.ui.links.SGFListFragment.java,b,false
instrumentation/instrumentation_FDROID/org.ligi.gobandroid_hd_259.apk,org.ligi.gobandroid_hd,org.ligi.gobandroid_hd.ui.GoPrefsFragment.java,a,false
instrumentation/instrumentation_FDROID/org.ligi.gobandroid_hd_259.apk,org.ligi.gobandroid_hd,org.ligi.gobandroid_hd.ui.links.LinkListFragment.java,b,false
instrumentation/instrumentation_FDROID/org.ligi.gobandroid_hd_259.apk,org.ligi.gobandroid_hd,org.ligi.gobandroid_hd.ui.links.VideoListFragment.java,b,false
instrumentation/instrumentation_FDROID/org.ligi.gobandroid_hd_259.apk,org.ligi.gobandroid_hd,org.ligi.gobandroid_hd.ui.fragments.GobandroidGameAwareFragment.java,a,false
instrumentation/instrumentation_FDROID/org.ligi.gobandroid_hd_259.apk,org.ligi.gobandroid_hd,org.ligi.gobandroid_hd.ui.recording.RecordingGameExtrasFragment.java,a,false
instrumentation/instrumentation_FDROID/org.ligi.gobandroid_hd_259.apk,org.ligi.gobandroid_hd,org.ligi.gobandroid_hd.ui.links.CreditsListFragment.java,b,false
instrumentation/instrumentation_FDROID/org.ligi.gobandroid_hd_259.apk,org.ligi.gobandroid_hd,org.ligi.gobandroid_hd.ui.scoring.GameScoringExtrasFragment.java,a,false
instrumentation/instrumentation_FDROID/org.ligi.gobandroid_hd_259.apk,org.ligi.gobandroid_hd,org.ligi.gobandroid_hd.ui.fragments.DefaultGameExtrasFragment.java,a,false
instrumentation/instrumentation_FDROID/org.ligi.gobandroid_hd_259.apk,org.ligi.gobandroid_hd,org.ligi.gobandroid_hd.ui.tsumego.TsumegoGameExtrasFragment.java,b,true
instrumentation/instrumentation_FDROID/org.ligi.gobandroid_hd_259.apk,org.ligi.gobandroid_hd,org.ligi.gobandroid_hd.ui.fragments.GobandroidFragment.java,a,false
instrumentation/instrumentation_FDROID/org.ligi.gobandroid_hd_259.apk,org.ligi.gobandroid_hd,org.ligi.gobandroid_hd.ui.fragments.CommentAndNowPlayingFragment.java,a,false
instrumentation/instrumentation_FDROID/org.ligi.gobandroid_hd_259.apk,org.ligi.gobandroid_hd,org.ligi.gobandroid_hd.ui.game_setup.GameSetupFragment.java,a,true
instrumentation/instrumentation_FDROID/org.ligi.gobandroid_hd_259.apk,org.ligi.gobandroid_hd,org.ligi.gobandroid_hd.ui.fragments.NavigationFragment.java,a,true
instrumentation/instrumentation_FDROID/org.ligi.gobandroid_hd_259.apk,org.ligi.gobandroid_hd,org.ligi.gobandroid_hd.ui.sgf_listing.SGFListFragment.java,a,false
instrumentation/instrumentation_FDROID/org.ligi.gobandroid_hd_259.apk,org.ligi.gobandroid_hd,org.ligi.gobandroid_hd.ui.links.AboutListFragment.java,b,false
instrumentation/instrumentation_FDROID/org.ligi.gobandroid_hd_259.apk,org.ligi.gobandroid_hd,org.ligi.gobandroid_hd.ui.fragments.NavigationAndCommentFragment.java,a,false
instrumentation/instrumentation_FDROID/org.ligi.ipfsdroid_10.apk,org.ligi.ipfsdroid,org.ligi.ipfsdroid.PublishIPFSContent.java,_$_clearFindViewByIdCache,false
instrumentation/instrumentation_FDROID/org.ligi.ipfsdroid_10.apk,org.ligi.ipfsdroid,org.ligi.ipfsdroid.HashTextAndBarcodeActivity.java,_$_clearFindViewByIdCache,false
instrumentation/instrumentation_FDROID/org.ligi.ipfsdroid_10.apk,org.ligi.ipfsdroid,org.ligi.ipfsdroid.IPFSBrowseActivity.java,_$_clearFindViewByIdCache,false
instrumentation/instrumentation_FDROID/org.ligi.ipfsdroid_10.apk,org.ligi.ipfsdroid,org.ligi.ipfsdroid.MainActivity.java,_$_clearFindViewByIdCache,false
instrumentation/instrumentation_FDROID/org.ligi.ipfsdroid_10.apk,org.ligi.ipfsdroid,org.ligi.ipfsdroid.AddIPFSContent.java,_$_clearFindViewByIdCache,false
instrumentation/instrumentation_FDROID/org.ligi.ipfsdroid_10.apk,org.ligi.ipfsdroid,org.ligi.ipfsdroid.DetailsActivity.java,_$_clearFindViewByIdCache,false
instrumentation/instrumentation_FDROID/org.ligi.materialteatimer_14.apk,org.ligi.materialteatimer,org.ligi.materialteatimer.TeaListActivity.java,_$_clearFindViewByIdCache,false
instrumentation/instrumentation_FDROID/org.ligi.materialteatimer_14.apk,org.ligi.materialteatimer,org.ligi.materialteatimer.MainActivity.java,_$_clearFindViewByIdCache,false
instrumentation/instrumentation_FDROID/org.ligi.scr_31.apk,org.ligi.scr,org.ligi.scr.HelpActivity.java,_$_clearFindViewByIdCache,false
instrumentation/instrumentation_FDROID/org.ligi.scr_31.apk,org.ligi.scr,org.ligi.scr.ListActivity.java,_$_clearFindViewByIdCache,false
instrumentation/instrumentation_FDROID/org.ligi.scr_31.apk,org.ligi.scr,org.ligi.scr.MainActivity.java,_$_clearFindViewByIdCache,false
instrumentation/instrumentation_FDROID/tk.superl2.xwifi_3.apk,tk.superl2.xwifi,tk.superl2.xwifi.h.java,a,false
instrumentation/instrumentation_FDROID/tk.superl2.xwifi_3.apk,tk.superl2.xwifi,tk.superl2.xwifi.c.java,a,false
