instrumentation/instrumentation_FDROID/a2dp.Vol_169.apk,a2dp.Vol,a2dp.Vol.Connector$ConnectBt.java
instrumentation/instrumentation_FDROID/a2dp.Vol_169.apk,a2dp.Vol,a2dp.Vol.ManageData$ExportDataAsXmlTask.java
instrumentation/instrumentation_FDROID/a2dp.Vol_169.apk,a2dp.Vol,a2dp.Vol.ManageData$ExportDatabaseFileTask.java
instrumentation/instrumentation_FDROID/a2dp.Vol_169.apk,a2dp.Vol,a2dp.Vol.ManageData$ExportLocationTask.java
instrumentation/instrumentation_FDROID/a2dp.Vol_169.apk,a2dp.Vol,a2dp.Vol.ManageData$ImportDatabaseFileTask.java
instrumentation/instrumentation_FDROID/a2dp.Vol_169.apk,a2dp.Vol,a2dp.Vol.ManageData$SelectDataTask.java
instrumentation/instrumentation_FDROID/app.librenews.io.librenews_5.apk,app.librenews.io.librenews,app.librenews.io.librenews.controllers.FlashRetreiver$1JSONAsyncTask.java
instrumentation/instrumentation_FDROID/ar.rulosoft.mimanganu_133.apk,ar.rulosoft.mimanganu,ar.rulosoft.mimanganu.componentes.LoginDialog$AsyncLogin.java
instrumentation/instrumentation_FDROID/ar.rulosoft.mimanganu_133.apk,ar.rulosoft.mimanganu,ar.rulosoft.mimanganu.componentes.MangaFolderSelect$AddAllMangaInDirectoryTask.java
instrumentation/instrumentation_FDROID/ar.rulosoft.mimanganu_133.apk,ar.rulosoft.mimanganu,ar.rulosoft.mimanganu.componentes.MangaFolderSelect$AddMangaTask.java
instrumentation/instrumentation_FDROID/ar.rulosoft.mimanganu_133.apk,ar.rulosoft.mimanganu,ar.rulosoft.mimanganu.componentes.readers.paged.PagedReader$Page$SetImageTask.java
instrumentation/instrumentation_FDROID/ar.rulosoft.mimanganu_133.apk,ar.rulosoft.mimanganu,ar.rulosoft.mimanganu.DetailsFragment$LoadDetailsTask.java
instrumentation/instrumentation_FDROID/ar.rulosoft.mimanganu_133.apk,ar.rulosoft.mimanganu,ar.rulosoft.mimanganu.MainFragment$AddAllMangaInDirectoryTask.java
instrumentation/instrumentation_FDROID/ar.rulosoft.mimanganu_133.apk,ar.rulosoft.mimanganu,ar.rulosoft.mimanganu.MainFragment$UpdateListTask.java
instrumentation/instrumentation_FDROID/ar.rulosoft.mimanganu_133.apk,ar.rulosoft.mimanganu,ar.rulosoft.mimanganu.MangaFragment$DeleteImages.java
instrumentation/instrumentation_FDROID/ar.rulosoft.mimanganu_133.apk,ar.rulosoft.mimanganu,ar.rulosoft.mimanganu.MangaFragment$MarkSelectedAsRead.java
instrumentation/instrumentation_FDROID/ar.rulosoft.mimanganu_133.apk,ar.rulosoft.mimanganu,ar.rulosoft.mimanganu.MangaFragment$MarkSelectedAsUnread.java
instrumentation/instrumentation_FDROID/ar.rulosoft.mimanganu_133.apk,ar.rulosoft.mimanganu,ar.rulosoft.mimanganu.MangaFragment$RemoveChapters.java
instrumentation/instrumentation_FDROID/ar.rulosoft.mimanganu_133.apk,ar.rulosoft.mimanganu,ar.rulosoft.mimanganu.MangaFragment$ResetChapters.java
instrumentation/instrumentation_FDROID/ar.rulosoft.mimanganu_133.apk,ar.rulosoft.mimanganu,ar.rulosoft.mimanganu.MangaFragment$SearchForNewChapters.java
instrumentation/instrumentation_FDROID/ar.rulosoft.mimanganu_133.apk,ar.rulosoft.mimanganu,ar.rulosoft.mimanganu.MangaFragment$SetChaptersPageCountAsRead.java
instrumentation/instrumentation_FDROID/ar.rulosoft.mimanganu_133.apk,ar.rulosoft.mimanganu,ar.rulosoft.mimanganu.MangaFragment$SetChaptersPageCountAsUnread.java
instrumentation/instrumentation_FDROID/ar.rulosoft.mimanganu_133.apk,ar.rulosoft.mimanganu,ar.rulosoft.mimanganu.MangaFragment$SortAndLoadChapters.java
instrumentation/instrumentation_FDROID/ar.rulosoft.mimanganu_133.apk,ar.rulosoft.mimanganu,ar.rulosoft.mimanganu.PreferencesFragment$calcStorage.java
instrumentation/instrumentation_FDROID/ar.rulosoft.mimanganu_133.apk,ar.rulosoft.mimanganu,ar.rulosoft.mimanganu.ReaderFragment$GetPageTask.java
instrumentation/instrumentation_FDROID/ar.rulosoft.mimanganu_133.apk,ar.rulosoft.mimanganu,ar.rulosoft.mimanganu.ReaderFragment$ReDownloadImage.java
instrumentation/instrumentation_FDROID/ar.rulosoft.mimanganu_133.apk,ar.rulosoft.mimanganu,ar.rulosoft.mimanganu.SearchResultsFragment$PerformSearchTask.java
instrumentation/instrumentation_FDROID/ar.rulosoft.mimanganu_133.apk,ar.rulosoft.mimanganu,ar.rulosoft.mimanganu.ServerFilteredNavigationFragment$LoadLastTask.java
instrumentation/instrumentation_FDROID/ar.rulosoft.mimanganu_133.apk,ar.rulosoft.mimanganu,ar.rulosoft.mimanganu.ServerListFragment$LoadMangasTask.java
instrumentation/instrumentation_FDROID/ar.rulosoft.mimanganu_133.apk,ar.rulosoft.mimanganu,ar.rulosoft.mimanganu.servers.ServerBase$CreateGroupByMangaNotificationsTask.java
instrumentation/instrumentation_FDROID/ar.rulosoft.mimanganu_133.apk,ar.rulosoft.mimanganu,ar.rulosoft.mimanganu.services.AutomaticUpdateTask.java
instrumentation/instrumentation_FDROID/ar.rulosoft.mimanganu_133.apk,ar.rulosoft.mimanganu,ar.rulosoft.mimanganu.utils.AppUpdateUtil$CheckForAppUpdates.java
instrumentation/instrumentation_FDROID/ar.rulosoft.mimanganu_133.apk,ar.rulosoft.mimanganu,ar.rulosoft.mimanganu.utils.AsyncAddManga.java
instrumentation/instrumentation_FDROID/ar.rulosoft.mimanganu_133.apk,ar.rulosoft.mimanganu,ar.rulosoft.mimanganu.utils.autotest.RunAutoTest$RunTest.java
instrumentation/instrumentation_FDROID/at.linuxtage.companion_1700002.apk,at.linuxtage.companion,at.linuxtage.companion.c.c$2.java
instrumentation/instrumentation_FDROID/au.com.wallaceit.reddinator_68.apk,au.com.wallaceit.reddinator,au.com.wallaceit.reddinator.activity.AccountActivity$LoadUserDetailsTask.java
instrumentation/instrumentation_FDROID/au.com.wallaceit.reddinator_68.apk,au.com.wallaceit.reddinator,au.com.wallaceit.reddinator.activity.AccountActivity$RefreshUserInfoTask.java
instrumentation/instrumentation_FDROID/au.com.wallaceit.reddinator_68.apk,au.com.wallaceit.reddinator,au.com.wallaceit.reddinator.activity.CommentsContextDialogActivity$CommentsContextLoader.java
instrumentation/instrumentation_FDROID/au.com.wallaceit.reddinator_68.apk,au.com.wallaceit.reddinator,au.com.wallaceit.reddinator.activity.MainActivity$FeedLoader.java
instrumentation/instrumentation_FDROID/au.com.wallaceit.reddinator_68.apk,au.com.wallaceit.reddinator,au.com.wallaceit.reddinator.activity.OAuthView$LoginTask.java
instrumentation/instrumentation_FDROID/au.com.wallaceit.reddinator_68.apk,au.com.wallaceit.reddinator,au.com.wallaceit.reddinator.activity.SearchActivity$SearchFeedLoader.java
instrumentation/instrumentation_FDROID/au.com.wallaceit.reddinator_68.apk,au.com.wallaceit.reddinator,au.com.wallaceit.reddinator.activity.SubmitActivity$SubmitTextTask.java
instrumentation/instrumentation_FDROID/au.com.wallaceit.reddinator_68.apk,au.com.wallaceit.reddinator,au.com.wallaceit.reddinator.activity.ViewAllSubredditsActivity$DLTask.java
instrumentation/instrumentation_FDROID/au.com.wallaceit.reddinator_68.apk,au.com.wallaceit.reddinator,au.com.wallaceit.reddinator.core.SubredditManager$LoadDefaultSubredditsTask.java
instrumentation/instrumentation_FDROID/au.com.wallaceit.reddinator_68.apk,au.com.wallaceit.reddinator,au.com.wallaceit.reddinator.service.MailCheckService$MailCheckTask.java
instrumentation/instrumentation_FDROID/au.com.wallaceit.reddinator_68.apk,au.com.wallaceit.reddinator,au.com.wallaceit.reddinator.tasks.CommentTask.java
instrumentation/instrumentation_FDROID/au.com.wallaceit.reddinator_68.apk,au.com.wallaceit.reddinator,au.com.wallaceit.reddinator.tasks.ComposeMessageTask.java
instrumentation/instrumentation_FDROID/au.com.wallaceit.reddinator_68.apk,au.com.wallaceit.reddinator,au.com.wallaceit.reddinator.tasks.HidePostTask.java
instrumentation/instrumentation_FDROID/au.com.wallaceit.reddinator_68.apk,au.com.wallaceit.reddinator,au.com.wallaceit.reddinator.tasks.LoadImageBitmapTask.java
instrumentation/instrumentation_FDROID/au.com.wallaceit.reddinator_68.apk,au.com.wallaceit.reddinator,au.com.wallaceit.reddinator.tasks.LoadPostTask.java
instrumentation/instrumentation_FDROID/au.com.wallaceit.reddinator_68.apk,au.com.wallaceit.reddinator,au.com.wallaceit.reddinator.tasks.LoadRandomTask.java
instrumentation/instrumentation_FDROID/au.com.wallaceit.reddinator_68.apk,au.com.wallaceit.reddinator,au.com.wallaceit.reddinator.tasks.LoadSubredditInfoTask.java
instrumentation/instrumentation_FDROID/au.com.wallaceit.reddinator_68.apk,au.com.wallaceit.reddinator,au.com.wallaceit.reddinator.tasks.MarkMessageTask.java
instrumentation/instrumentation_FDROID/au.com.wallaceit.reddinator_68.apk,au.com.wallaceit.reddinator,au.com.wallaceit.reddinator.tasks.SavePostTask.java
instrumentation/instrumentation_FDROID/au.com.wallaceit.reddinator_68.apk,au.com.wallaceit.reddinator,au.com.wallaceit.reddinator.tasks.SubmitTask.java
instrumentation/instrumentation_FDROID/au.com.wallaceit.reddinator_68.apk,au.com.wallaceit.reddinator,au.com.wallaceit.reddinator.tasks.SubscriptionEditTask.java
instrumentation/instrumentation_FDROID/au.com.wallaceit.reddinator_68.apk,au.com.wallaceit.reddinator,au.com.wallaceit.reddinator.tasks.SyncUserDataTask.java
instrumentation/instrumentation_FDROID/au.com.wallaceit.reddinator_68.apk,au.com.wallaceit.reddinator,au.com.wallaceit.reddinator.tasks.VoteTask.java
instrumentation/instrumentation_FDROID/au.com.wallaceit.reddinator_68.apk,au.com.wallaceit.reddinator,au.com.wallaceit.reddinator.tasks.WidgetVoteTask.java
instrumentation/instrumentation_FDROID/au.com.wallaceit.reddinator_68.apk,au.com.wallaceit.reddinator,au.com.wallaceit.reddinator.ui.AccountFeedFragment$FeedLoader.java
instrumentation/instrumentation_FDROID/au.com.wallaceit.reddinator_68.apk,au.com.wallaceit.reddinator,au.com.wallaceit.reddinator.ui.TabCommentsFragment$CommentsLoader.java
instrumentation/instrumentation_FDROID/axp.tool.apkextractor_5.apk,axp.tool.apkextractor,axp.tool.apkextractor.MainActivity$Loader.java
instrumentation/instrumentation_FDROID/be.brunoparmentier.openbikesharing.app_23.apk,be.brunoparmentier.openbikesharing.app,be.brunoparmentier.openbikesharing.app.activities.BikeNetworksListActivity$JSONDownloadTask.java
instrumentation/instrumentation_FDROID/be.brunoparmentier.openbikesharing.app_23.apk,be.brunoparmentier.openbikesharing.app,be.brunoparmentier.openbikesharing.app.activities.StationsListActivity$JSONDownloadTask.java
instrumentation/instrumentation_FDROID/be.brunoparmentier.openbikesharing.app_23.apk,be.brunoparmentier.openbikesharing.app,be.brunoparmentier.openbikesharing.app.widgets.StationsListAppWidgetProvider$JSONDownloadTask.java
instrumentation/instrumentation_FDROID/be.brunoparmentier.wifikeyshare_4.apk,be.brunoparmentier.wifikeyshare,be.brunoparmentier.wifikeyshare.ui.activities.WifiListActivity$WifiListTask.java
instrumentation/instrumentation_FDROID/be.humanoids.webthingify_2.apk,be.humanoids.webthingify,be.humanoids.webthingify.ServerTask.java
instrumentation/instrumentation_FDROID/ch.blinkenlights.android.vanilla_11000.apk,ch.blinkenlights.android.vanilla,ch.blinkenlights.android.vanilla.AudioPickerActivity$b.java
instrumentation/instrumentation_FDROID/ch.blinkenlights.android.vanilla_11000.apk,ch.blinkenlights.android.vanilla,ch.blinkenlights.android.vanilla.AudioSearchActivity$b.java
instrumentation/instrumentation_FDROID/click.dummer.rickapp_20.apk,click.dummer.rickapp,click.dummer.rickapp.RickActivity$RecordAudio.java
instrumentation/instrumentation_FDROID/com.a5corp.weather_656.apk,com.a5corp.weather,com.a5corp.weather.widget.AlarmReceiver$a.java
instrumentation/instrumentation_FDROID/com.adguard.android.contentblocker_22000009.apk,com.adguard.android.contentblocker,com.adguard.android.contentblocker.ui.MainActivity$ApplyAndRefreshTask.java
instrumentation/instrumentation_FDROID/com.adguard.android.contentblocker_22000009.apk,com.adguard.android.contentblocker,com.adguard.android.contentblocker.ui.utils.ApplyAndRefreshTask.java
instrumentation/instrumentation_FDROID/com.akdev.nofbeventscraper_15.apk,com.akdev.nofbeventscraper,com.akdev.nofbeventscraper.FbEventScraper.java
instrumentation/instrumentation_FDROID/com.akdev.nofbeventscraper_15.apk,com.akdev.nofbeventscraper,com.akdev.nofbeventscraper.FbPageScraper.java
instrumentation/instrumentation_FDROID/com.akdev.nofbeventscraper_15.apk,com.akdev.nofbeventscraper,com.akdev.nofbeventscraper.FbRedirectionResolver.java
instrumentation/instrumentation_FDROID/com.ames.books_7.apk,com.ames.books,com.ames.books.accessor.DetailsLoader$1.java
instrumentation/instrumentation_FDROID/com.anddevw.getchromium_20170830.apk,com.anddevw.getchromium,com.anddevw.getchromium.GetChromium$DownloadTask.java
instrumentation/instrumentation_FDROID/com.angryburg.uapp_425.apk,com.angryburg.uapp,com.angryburg.uapp.utils.AwooNotificationService$PollTask.java
instrumentation/instrumentation_FDROID/com.appmindlab.nano_1224.apk,com.appmindlab.nano,com.appmindlab.nano.DisplayDBEntry$n0.java
instrumentation/instrumentation_FDROID/com.appmindlab.nano_1224.apk,com.appmindlab.nano,com.appmindlab.nano.DisplayDBEntry$p0.java
instrumentation/instrumentation_FDROID/com.appmindlab.nano_1224.apk,com.appmindlab.nano,com.appmindlab.nano.DisplayDBEntry$q0.java
instrumentation/instrumentation_FDROID/com.appmindlab.nano_1224.apk,com.appmindlab.nano,com.appmindlab.nano.DisplayDBEntry$r0.java
instrumentation/instrumentation_FDROID/com.appmindlab.nano_1224.apk,com.appmindlab.nano,com.appmindlab.nano.MainActivity$a0.java
instrumentation/instrumentation_FDROID/com.appmindlab.nano_1224.apk,com.appmindlab.nano,com.appmindlab.nano.MainActivity$b0.java
instrumentation/instrumentation_FDROID/com.appmindlab.nano_1224.apk,com.appmindlab.nano,com.appmindlab.nano.MainActivity$c0.java
instrumentation/instrumentation_FDROID/com.appmindlab.nano_1224.apk,com.appmindlab.nano,com.appmindlab.nano.MainActivity$d0.java
instrumentation/instrumentation_FDROID/com.appmindlab.nano_1224.apk,com.appmindlab.nano,com.appmindlab.nano.MainActivity$u.java
instrumentation/instrumentation_FDROID/com.appmindlab.nano_1224.apk,com.appmindlab.nano,com.appmindlab.nano.MainActivity$v.java
instrumentation/instrumentation_FDROID/com.appmindlab.nano_1224.apk,com.appmindlab.nano,com.appmindlab.nano.MainActivity$w.java
instrumentation/instrumentation_FDROID/com.appmindlab.nano_1224.apk,com.appmindlab.nano,com.appmindlab.nano.MainActivity$x.java
instrumentation/instrumentation_FDROID/com.appmindlab.nano_1224.apk,com.appmindlab.nano,com.appmindlab.nano.MainActivity$y.java
instrumentation/instrumentation_FDROID/com.appmindlab.nano_1224.apk,com.appmindlab.nano,com.appmindlab.nano.MainActivity$z.java
instrumentation/instrumentation_FDROID/com.aptasystems.dicewarepasswordgenerator_9.apk,com.aptasystems.dicewarepasswordgenerator,com.aptasystems.dicewarepasswordgenerator.MainActivity$2.java
instrumentation/instrumentation_FDROID/com.aptasystems.dicewarepasswordgenerator_9.apk,com.aptasystems.dicewarepasswordgenerator,com.aptasystems.dicewarepasswordgenerator.MainActivity$4.java
instrumentation/instrumentation_FDROID/com.aptasystems.dicewarepasswordgenerator_9.apk,com.aptasystems.dicewarepasswordgenerator,com.aptasystems.dicewarepasswordgenerator.MainActivity$5.java
instrumentation/instrumentation_FDROID/com.asksven.betterbatterystats_99.apk,com.asksven.betterbatterystats,com.asksven.betterbatterystats.GraphActivity$LoadSerieData.java
instrumentation/instrumentation_FDROID/com.asksven.betterbatterystats_99.apk,com.asksven.betterbatterystats,com.asksven.betterbatterystats.PermissionsFragmentActivity$PermissionsListFragment$LoadStatData.java
instrumentation/instrumentation_FDROID/com.asksven.betterbatterystats_99.apk,com.asksven.betterbatterystats,com.asksven.betterbatterystats.RawStatsActivity$LoadStatData.java
instrumentation/instrumentation_FDROID/com.asksven.betterbatterystats_99.apk,com.asksven.betterbatterystats,com.asksven.betterbatterystats.ReceiversFragmentActivity$ReceiversListFragment$LoadStatData.java
instrumentation/instrumentation_FDROID/com.asksven.betterbatterystats_99.apk,com.asksven.betterbatterystats,com.asksven.betterbatterystats.ServicesFragmentActivity$ServicesListFragment$LoadStatData.java
instrumentation/instrumentation_FDROID/com.asksven.betterbatterystats_99.apk,com.asksven.betterbatterystats,com.asksven.betterbatterystats.StatsActivity$LoadStatData.java
instrumentation/instrumentation_FDROID/com.chen.deskclock_5.apk,com.chen.deskclock,com.chen.deskclock.alarms.AlarmUpdateHandler$1.java
instrumentation/instrumentation_FDROID/com.chen.deskclock_5.apk,com.chen.deskclock,com.chen.deskclock.alarms.AlarmUpdateHandler$2.java
instrumentation/instrumentation_FDROID/com.chen.deskclock_5.apk,com.chen.deskclock,com.chen.deskclock.alarms.AlarmUpdateHandler$3.java
instrumentation/instrumentation_FDROID/com.chen.deskclock_5.apk,com.chen.deskclock,com.chen.deskclock.data.SilentSettingsModel$CheckSilenceSettingsTask.java
instrumentation/instrumentation_FDROID/com.chen.deskclock_5.apk,com.chen.deskclock,com.chen.deskclock.ringtone.RingtonePickerActivity$2.java
instrumentation/instrumentation_FDROID/com.chen.deskclock_5.apk,com.chen.deskclock,com.chen.deskclock.ringtone.RingtonePickerActivity$AddCustomRingtoneTask.java
instrumentation/instrumentation_FDROID/com.chen.deskclock_5.apk,com.chen.deskclock,com.chen.deskclock.ringtone.RingtonePickerActivity$RemoveCustomRingtoneTask.java
instrumentation/instrumentation_FDROID/com.cityzen.cityzen_10200199.apk,com.cityzen.cityzen,com.cityzen.cityzen.Fragments.EditPoiFragment$1.java
instrumentation/instrumentation_FDROID/com.cityzen.cityzen_10200199.apk,com.cityzen.cityzen,com.cityzen.cityzen.Network.CreateChangesetTask.java
instrumentation/instrumentation_FDROID/com.cityzen.cityzen_10200199.apk,com.cityzen.cityzen,com.cityzen.cityzen.Network.CreatePoiTask.java
instrumentation/instrumentation_FDROID/com.cityzen.cityzen_10200199.apk,com.cityzen.cityzen,com.cityzen.cityzen.Network.UpdatePoiTask.java
instrumentation/instrumentation_FDROID/com.cityzen.cityzen_10200199.apk,com.cityzen.cityzen,com.cityzen.cityzen.oauth.InlineAsyncTask.java
instrumentation/instrumentation_FDROID/com.cityzen.cityzen_10200199.apk,com.cityzen.cityzen,com.cityzen.cityzen.oauth.OAuthComponent$PostAuthorizationTask.java
instrumentation/instrumentation_FDROID/com.cityzen.cityzen_10200199.apk,com.cityzen.cityzen,com.cityzen.cityzen.Utils.MapUtils.OsmNodeUtils.NodeInfoTask.java
instrumentation/instrumentation_FDROID/com.cityzen.cityzen_10200199.apk,com.cityzen.cityzen,com.cityzen.cityzen.Utils.MapUtils.RouteUtils.RouteCreationTask.java
instrumentation/instrumentation_FDROID/com.cityzen.cityzen_10200199.apk,com.cityzen.cityzen,com.cityzen.cityzen.Utils.MapUtils.Search.nominatimparser.Request$GetPlaces.java
instrumentation/instrumentation_FDROID/com.commonslab.commonslab_3.apk,com.commonslab.commonslab,com.commonslab.commonslab.AudioPlayer.MediaPlayerService$4.java
instrumentation/instrumentation_FDROID/com.cookiegames.smartcookie_148.apk,com.cookiegames.smartcookie,com.cookiegames.smartcookie.reading.activity.d.java
instrumentation/instrumentation_FDROID/com.coste.syncorg_10.apk,com.coste.syncorg,com.coste.syncorg.synchronizers.JGitWrapper$AddTask.java
instrumentation/instrumentation_FDROID/com.coste.syncorg_10.apk,com.coste.syncorg,com.coste.syncorg.synchronizers.JGitWrapper$CloneGitRepoTask.java
instrumentation/instrumentation_FDROID/com.coste.syncorg_10.apk,com.coste.syncorg,com.coste.syncorg.synchronizers.ProgressDialogAsyncTask.java
instrumentation/instrumentation_FDROID/com.danvelazco.fbwrapper_20170312.apk,com.danvelazco.fbwrapper,com.danvelazco.fbwrapper.activity.BaseFacebookWebViewActivity$SaveImageTask.java
instrumentation/instrumentation_FDROID/com.developerfromjokela.motioneyeclient_10000008.apk,com.developerfromjokela.motioneyeclient,com.developerfromjokela.motioneyeclient.ui.activities.FullCameraViewer$DownloadImageFromInternet.java
instrumentation/instrumentation_FDROID/com.developerfromjokela.motioneyeclient_10000008.apk,com.developerfromjokela.motioneyeclient,com.developerfromjokela.motioneyeclient.ui.adapters.HttpCamerasAdapter$DownloadImageFromInternet.java
instrumentation/instrumentation_FDROID/com.dkanada.openapk_35.apk,com.dkanada.openapk,com.dkanada.openapk.activities.MainActivity$getInstalledApps.java
instrumentation/instrumentation_FDROID/com.dkanada.openapk_35.apk,com.dkanada.openapk,com.dkanada.openapk.async.CopyFileAsync.java
instrumentation/instrumentation_FDROID/com.dkanada.openapk_35.apk,com.dkanada.openapk,com.dkanada.openapk.async.DeleteFileAsync.java
instrumentation/instrumentation_FDROID/com.ds.avare_357.apk,com.ds.avare,com.ds.avare.adapters.ChartAdapter$ViewTask.java
instrumentation/instrumentation_FDROID/com.ds.avare_357.apk,com.ds.avare,com.ds.avare.place.Area$DataBaseAreaTask.java
instrumentation/instrumentation_FDROID/com.ds.avare_357.apk,com.ds.avare,com.ds.avare.place.DatabaseDestination$DataBaseTask.java
instrumentation/instrumentation_FDROID/com.ds.avare_357.apk,com.ds.avare,com.ds.avare.place.GpsDestination$DataBaseTask.java
instrumentation/instrumentation_FDROID/com.ds.avare_357.apk,com.ds.avare,com.ds.avare.place.MapsDestination$DataBaseTask.java
instrumentation/instrumentation_FDROID/com.ds.avare_357.apk,com.ds.avare,com.ds.avare.place.UDWDestination$DataBaseTask.java
instrumentation/instrumentation_FDROID/com.ds.avare_357.apk,com.ds.avare,com.ds.avare.plan.Cifp$CreateTask.java
instrumentation/instrumentation_FDROID/com.ds.avare_357.apk,com.ds.avare,com.ds.avare.RegisterActivity$2$1.java
instrumentation/instrumentation_FDROID/com.ds.avare_357.apk,com.ds.avare,com.ds.avare.RegisterActivity$2$2.java
instrumentation/instrumentation_FDROID/com.ds.avare_357.apk,com.ds.avare,com.ds.avare.SearchActivity$SearchTask.java
instrumentation/instrumentation_FDROID/com.ds.avare_357.apk,com.ds.avare,com.ds.avare.shapes.TileMap$1.java
instrumentation/instrumentation_FDROID/com.ds.avare_357.apk,com.ds.avare,com.ds.avare.ThreeDActivity$2$1.java
instrumentation/instrumentation_FDROID/com.ds.avare_357.apk,com.ds.avare,com.ds.avare.views.LocationView$ClosestAirportTask.java
instrumentation/instrumentation_FDROID/com.ds.avare_357.apk,com.ds.avare,com.ds.avare.webinfc.WebAppListInterface$ImportTask.java
instrumentation/instrumentation_FDROID/com.ds.avare_357.apk,com.ds.avare,com.ds.avare.webinfc.WebAppPlanInterface$CreateTask.java
instrumentation/instrumentation_FDROID/com.ds.avare_357.apk,com.ds.avare,com.ds.avare.webinfc.WebAppPlanInterface$SearchTask.java
instrumentation/instrumentation_FDROID/com.elsdoerfer.android.autostarts_33.apk,com.elsdoerfer.android.autostarts,com.elsdoerfer.android.autostarts.LoadTask.java
instrumentation/instrumentation_FDROID/com.emmanuelmess.simpleaccounting_23.apk,com.emmanuelmess.simpleaccounting,com.emmanuelmess.simpleaccounting.b.b.java
instrumentation/instrumentation_FDROID/com.emmanuelmess.simpleaccounting_23.apk,com.emmanuelmess.simpleaccounting,com.emmanuelmess.simpleaccounting.b.c.java
instrumentation/instrumentation_FDROID/com.example.hochi.nextcompanion_9.apk,com.example.hochi.nextcompanion,com.example.hochi.nextcompanion.RequestHandler.java
instrumentation/instrumentation_FDROID/com.fabienli.dokuwiki_62.apk,com.fabienli.dokuwiki,com.fabienli.dokuwiki.db.PageUpdateHtml.java
instrumentation/instrumentation_FDROID/com.fabienli.dokuwiki_62.apk,com.fabienli.dokuwiki,com.fabienli.dokuwiki.db.PageUpdateText.java
instrumentation/instrumentation_FDROID/com.fabienli.dokuwiki_62.apk,com.fabienli.dokuwiki,com.fabienli.dokuwiki.sync.StaticDownloader.java
instrumentation/instrumentation_FDROID/com.fabienli.dokuwiki_62.apk,com.fabienli.dokuwiki,com.fabienli.dokuwiki.usecase.ActionListRetrieve.java
instrumentation/instrumentation_FDROID/com.fabienli.dokuwiki_62.apk,com.fabienli.dokuwiki,com.fabienli.dokuwiki.usecase.MediaImport.java
instrumentation/instrumentation_FDROID/com.fabienli.dokuwiki_62.apk,com.fabienli.dokuwiki,com.fabienli.dokuwiki.usecase.MediaRetrieve.java
instrumentation/instrumentation_FDROID/com.fabienli.dokuwiki_62.apk,com.fabienli.dokuwiki,com.fabienli.dokuwiki.usecase.PageHtmlRetrieve.java
instrumentation/instrumentation_FDROID/com.fabienli.dokuwiki_62.apk,com.fabienli.dokuwiki,com.fabienli.dokuwiki.usecase.PageHtmlRetrieveForceDownload.java
instrumentation/instrumentation_FDROID/com.fabienli.dokuwiki_62.apk,com.fabienli.dokuwiki,com.fabienli.dokuwiki.usecase.PageListRetrieve.java
instrumentation/instrumentation_FDROID/com.fabienli.dokuwiki_62.apk,com.fabienli.dokuwiki,com.fabienli.dokuwiki.usecase.PageTextRetrieve.java
instrumentation/instrumentation_FDROID/com.fabienli.dokuwiki_62.apk,com.fabienli.dokuwiki,com.fabienli.dokuwiki.usecase.PageTextSave.java
instrumentation/instrumentation_FDROID/com.fabienli.dokuwiki_62.apk,com.fabienli.dokuwiki,com.fabienli.dokuwiki.usecase.PoolAsyncTask.java
instrumentation/instrumentation_FDROID/com.fabienli.dokuwiki_62.apk,com.fabienli.dokuwiki,com.fabienli.dokuwiki.usecase.SearchWikiListRetrieve.java
instrumentation/instrumentation_FDROID/com.fabienli.dokuwiki_62.apk,com.fabienli.dokuwiki,com.fabienli.dokuwiki.usecase.StaticPagesDisplay.java
instrumentation/instrumentation_FDROID/com.fabienli.dokuwiki_62.apk,com.fabienli.dokuwiki,com.fabienli.dokuwiki.usecase.WikiSynchronizer.java
instrumentation/instrumentation_FDROID/com.faltenreich.diaguard_54.apk,com.faltenreich.diaguard,com.faltenreich.diaguard.b.c.a.a.java
instrumentation/instrumentation_FDROID/com.faltenreich.diaguard_54.apk,com.faltenreich.diaguard,com.faltenreich.diaguard.b.c.a.e.java
instrumentation/instrumentation_FDROID/com.faltenreich.diaguard_54.apk,com.faltenreich.diaguard,com.faltenreich.diaguard.feature.export.job.csv.CsvExport.java
instrumentation/instrumentation_FDROID/com.faltenreich.diaguard_54.apk,com.faltenreich.diaguard,com.faltenreich.diaguard.feature.export.job.csv.CsvImport.java
instrumentation/instrumentation_FDROID/com.faltenreich.diaguard_54.apk,com.faltenreich.diaguard,com.faltenreich.diaguard.feature.export.job.pdf.PdfExport.java
instrumentation/instrumentation_FDROID/com.faltenreich.diaguard_54.apk,com.faltenreich.diaguard,com.faltenreich.diaguard.feature.log.LogFetchDataTask.java
instrumentation/instrumentation_FDROID/com.farmerbb.taskbar_203.apk,com.farmerbb.taskbar,com.farmerbb.taskbar.activity.b$a.java
instrumentation/instrumentation_FDROID/com.farmerbb.taskbar_203.apk,com.farmerbb.taskbar,com.farmerbb.taskbar.activity.IconPackActivity$b.java
instrumentation/instrumentation_FDROID/com.farmerbb.taskbar_203.apk,com.farmerbb.taskbar,com.farmerbb.taskbar.activity.SelectAppActivity$a.java
instrumentation/instrumentation_FDROID/com.fediphoto_26.apk,com.fediphoto,com.fediphoto.MainActivity$WorkerAuthorize.java
instrumentation/instrumentation_FDROID/com.fediphoto_26.apk,com.fediphoto,com.fediphoto.MainActivity$WorkerCreateApp.java
instrumentation/instrumentation_FDROID/com.forrestguice.suntimeswidget_79.apk,com.forrestguice.suntimeswidget,com.forrestguice.suntimeswidget.alarmclock.AlarmDatabaseAdapter$AlarmDeleteTask.java
instrumentation/instrumentation_FDROID/com.forrestguice.suntimeswidget_79.apk,com.forrestguice.suntimeswidget,com.forrestguice.suntimeswidget.alarmclock.AlarmDatabaseAdapter$AlarmItemTask.java
instrumentation/instrumentation_FDROID/com.forrestguice.suntimeswidget_79.apk,com.forrestguice.suntimeswidget,com.forrestguice.suntimeswidget.alarmclock.AlarmDatabaseAdapter$AlarmListTask.java
instrumentation/instrumentation_FDROID/com.forrestguice.suntimeswidget_79.apk,com.forrestguice.suntimeswidget,com.forrestguice.suntimeswidget.alarmclock.AlarmDatabaseAdapter$AlarmUpdateTask.java
instrumentation/instrumentation_FDROID/com.forrestguice.suntimeswidget_79.apk,com.forrestguice.suntimeswidget,com.forrestguice.suntimeswidget.alarmclock.ui.AlarmListDialog$AlarmListTask.java
instrumentation/instrumentation_FDROID/com.forrestguice.suntimeswidget_79.apk,com.forrestguice.suntimeswidget,com.forrestguice.suntimeswidget.ExportTask.java
instrumentation/instrumentation_FDROID/com.forrestguice.suntimeswidget_79.apk,com.forrestguice.suntimeswidget,com.forrestguice.suntimeswidget.getfix.BuildPlacesTask.java
instrumentation/instrumentation_FDROID/com.forrestguice.suntimeswidget_79.apk,com.forrestguice.suntimeswidget,com.forrestguice.suntimeswidget.getfix.GetFixTask.java
instrumentation/instrumentation_FDROID/com.forrestguice.suntimeswidget_79.apk,com.forrestguice.suntimeswidget,com.forrestguice.suntimeswidget.getfix.LocationListTask.java
instrumentation/instrumentation_FDROID/com.forrestguice.suntimeswidget_79.apk,com.forrestguice.suntimeswidget,com.forrestguice.suntimeswidget.getfix.PlacesListFragment$DeletePlaceTask.java
instrumentation/instrumentation_FDROID/com.forrestguice.suntimeswidget_79.apk,com.forrestguice.suntimeswidget,com.forrestguice.suntimeswidget.getfix.PlacesListFragment$PlacesListTask.java
instrumentation/instrumentation_FDROID/com.forrestguice.suntimeswidget_79.apk,com.forrestguice.suntimeswidget,com.forrestguice.suntimeswidget.LightMapView$LightMapTask.java
instrumentation/instrumentation_FDROID/com.forrestguice.suntimeswidget_79.apk,com.forrestguice.suntimeswidget,com.forrestguice.suntimeswidget.map.WorldMapTask.java
instrumentation/instrumentation_FDROID/com.forrestguice.suntimeswidget_79.apk,com.forrestguice.suntimeswidget,com.forrestguice.suntimeswidget.settings.WidgetTimezones$TimeZonesLoadTask.java
instrumentation/instrumentation_FDROID/com.forrestguice.suntimeswidget_79.apk,com.forrestguice.suntimeswidget,com.forrestguice.suntimeswidget.themes.ImportThemesTask.java
instrumentation/instrumentation_FDROID/com.freshollie.monkeyboard.keystoneradio_116.apk,com.freshollie.monkeyboard.keystoneradio,com.freshollie.monkeyboard.keystoneradio.playback.RadioPlayerService$1.java
instrumentation/instrumentation_FDROID/com.freshollie.monkeyboard.keystoneradio_116.apk,com.freshollie.monkeyboard.keystoneradio,com.freshollie.monkeyboard.keystoneradio.playback.RadioPlayerService$2.java
instrumentation/instrumentation_FDROID/com.freshollie.monkeyboard.keystoneradio_116.apk,com.freshollie.monkeyboard.keystoneradio,com.freshollie.monkeyboard.keystoneradio.radio.RadioDevice$CopyStationsTask.java
instrumentation/instrumentation_FDROID/com.freshollie.monkeyboard.keystoneradio_116.apk,com.freshollie.monkeyboard.keystoneradio,com.freshollie.monkeyboard.keystoneradio.radio.RadioDevice$DABSearchTask.java
instrumentation/instrumentation_FDROID/com.futurice.android.reservator_21.apk,com.futurice.android.reservator,com.futurice.android.reservator.model.AddressBook$PrefetchEntriesTask.java
instrumentation/instrumentation_FDROID/com.futurice.android.reservator_21.apk,com.futurice.android.reservator,com.futurice.android.reservator.model.DataProxy$RoomListRefreshTask.java
instrumentation/instrumentation_FDROID/com.futurice.android.reservator_21.apk,com.futurice.android.reservator,com.futurice.android.reservator.model.DataProxy$RoomReservationRefreshTask.java
instrumentation/instrumentation_FDROID/com.futurice.android.reservator_21.apk,com.futurice.android.reservator,com.futurice.android.reservator.view.LobbyReservationRowView$MakeReservationTask.java
instrumentation/instrumentation_FDROID/com.gabm.fancyplaces_9.apk,com.gabm.fancyplaces,com.gabm.fancyplaces.b.f.java
instrumentation/instrumentation_FDROID/com.geecko.QuickLyric_131.apk,com.geecko.QuickLyric,com.geecko.QuickLyric.tasks.CoverArtLoader.java
instrumentation/instrumentation_FDROID/com.geecko.QuickLyric_131.apk,com.geecko.QuickLyric,com.geecko.QuickLyric.tasks.DBContentLister.java
instrumentation/instrumentation_FDROID/com.geecko.QuickLyric_131.apk,com.geecko.QuickLyric,com.geecko.QuickLyric.tasks.Id3Writer.java
instrumentation/instrumentation_FDROID/com.geecko.QuickLyric_131.apk,com.geecko.QuickLyric,com.geecko.QuickLyric.tasks.IdDecoder.java
instrumentation/instrumentation_FDROID/com.geecko.QuickLyric_131.apk,com.geecko.QuickLyric,com.geecko.QuickLyric.tasks.ParseTask.java
instrumentation/instrumentation_FDROID/com.geecko.QuickLyric_131.apk,com.geecko.QuickLyric,com.geecko.QuickLyric.tasks.PresenceChecker.java
instrumentation/instrumentation_FDROID/com.geecko.QuickLyric_131.apk,com.geecko.QuickLyric,com.geecko.QuickLyric.tasks.SearchTask.java
instrumentation/instrumentation_FDROID/com.geecko.QuickLyric_131.apk,com.geecko.QuickLyric,com.geecko.QuickLyric.tasks.WriteToDatabaseTask.java
instrumentation/instrumentation_FDROID/com.geecko.QuickLyric_131.apk,com.geecko.QuickLyric,com.geecko.QuickLyric.utils.UpdateChecker$UpdateCheckTask.java
instrumentation/instrumentation_FDROID/com.gimranov.zandy.app_1461.apk,com.gimranov.zandy.app,com.gimranov.zandy.app.d.f.java
instrumentation/instrumentation_FDROID/com.github.characterdog.share_my_number_3.apk,com.github.characterdog.share_my_number,com.github.characterdog.share_my_number.MainActivity$ContactInfoFragment$SetQrCodeTask.java
instrumentation/instrumentation_FDROID/com.github.cythara_28.apk,com.github.cythara,com.github.cythara.ListenerFragment$PitchListener.java
instrumentation/instrumentation_FDROID/com.github.cythara_28.apk,com.github.cythara,com.github.cythara.MainActivity.java
instrumentation/instrumentation_FDROID/com.github.dfa.diaspora_android_46.apk,com.github.dfa.diaspora_android,com.github.dfa.diaspora_android.service.GetPodsTask.java
instrumentation/instrumentation_FDROID/com.github.doomsdayrs.apps.shosetsu_27.apk,com.github.doomsdayrs.apps.shosetsu,com.github.doomsdayrs.apps.shosetsu.backend.async.ChapterLoader.java
instrumentation/instrumentation_FDROID/com.github.doomsdayrs.apps.shosetsu_27.apk,com.github.doomsdayrs.apps.shosetsu,com.github.doomsdayrs.apps.shosetsu.backend.async.ChapterUpdater$doWork$1.java
instrumentation/instrumentation_FDROID/com.github.doomsdayrs.apps.shosetsu_27.apk,com.github.doomsdayrs.apps.shosetsu,com.github.doomsdayrs.apps.shosetsu.ui.catalogue.async.CataloguePageLoader.java
instrumentation/instrumentation_FDROID/com.github.doomsdayrs.apps.shosetsu_27.apk,com.github.doomsdayrs.apps.shosetsu,com.github.doomsdayrs.apps.shosetsu.ui.catalogue.async.NovelBackgroundAdd.java
instrumentation/instrumentation_FDROID/com.github.doomsdayrs.apps.shosetsu_27.apk,com.github.doomsdayrs.apps.shosetsu,com.github.doomsdayrs.apps.shosetsu.ui.migration.async.MigrationViewLoad.java
instrumentation/instrumentation_FDROID/com.github.doomsdayrs.apps.shosetsu_27.apk,com.github.doomsdayrs.apps.shosetsu,com.github.doomsdayrs.apps.shosetsu.ui.migration.async.Transfer.java
instrumentation/instrumentation_FDROID/com.github.doomsdayrs.apps.shosetsu_27.apk,com.github.doomsdayrs.apps.shosetsu,com.github.doomsdayrs.apps.shosetsu.ui.novel.async.NovelLoader.java
instrumentation/instrumentation_FDROID/com.github.doomsdayrs.apps.shosetsu_27.apk,com.github.doomsdayrs.apps.shosetsu,com.github.doomsdayrs.apps.shosetsu.ui.novel.pages.NovelFragmentChapters$1.java
instrumentation/instrumentation_FDROID/com.github.doomsdayrs.apps.shosetsu_27.apk,com.github.doomsdayrs.apps.shosetsu,com.github.doomsdayrs.apps.shosetsu.ui.reader.async.ChapterViewLoader.java
instrumentation/instrumentation_FDROID/com.github.doomsdayrs.apps.shosetsu_27.apk,com.github.doomsdayrs.apps.shosetsu,com.github.doomsdayrs.apps.shosetsu.ui.search.async.SearchLoader.java
instrumentation/instrumentation_FDROID/com.github.doomsdayrs.apps.shosetsu_27.apk,com.github.doomsdayrs.apps.shosetsu,com.github.doomsdayrs.apps.shosetsu.ui.settings.subFragments.backup.async.BackupProcess.java
instrumentation/instrumentation_FDROID/com.github.doomsdayrs.apps.shosetsu_27.apk,com.github.doomsdayrs.apps.shosetsu,com.github.doomsdayrs.apps.shosetsu.ui.settings.subFragments.backup.async.RestoreProcess.java
instrumentation/instrumentation_FDROID/com.github.gotify_22.apk,com.github.gotify,com.github.gotify.log.LogsActivity$RefreshLogs.java
instrumentation/instrumentation_FDROID/com.github.gotify_22.apk,com.github.gotify,com.github.gotify.messages.MessagesActivity$CommitDeleteMessage.java
instrumentation/instrumentation_FDROID/com.github.gotify_22.apk,com.github.gotify,com.github.gotify.messages.MessagesActivity$DeleteClientAndNavigateToLogin.java
instrumentation/instrumentation_FDROID/com.github.gotify_22.apk,com.github.gotify,com.github.gotify.messages.MessagesActivity$DeleteMessages.java
instrumentation/instrumentation_FDROID/com.github.gotify_22.apk,com.github.gotify,com.github.gotify.messages.MessagesActivity$LoadMore.java
instrumentation/instrumentation_FDROID/com.github.gotify_22.apk,com.github.gotify,com.github.gotify.messages.MessagesActivity$NewSingleMessage.java
instrumentation/instrumentation_FDROID/com.github.gotify_22.apk,com.github.gotify,com.github.gotify.messages.MessagesActivity$SelectApplicationAndUpdateMessages.java
instrumentation/instrumentation_FDROID/com.github.gotify_22.apk,com.github.gotify,com.github.gotify.messages.MessagesActivity$UpdateMissedMessages.java
instrumentation/instrumentation_FDROID/com.github.gotify_22.apk,com.github.gotify,com.github.gotify.sharing.ShareActivity$PushMessage.java
instrumentation/instrumentation_FDROID/com.github.yeriomin.smsscheduler_5.apk,com.github.yeriomin.smsscheduler,com.github.yeriomin.smsscheduler.view.ContactsTask.java
instrumentation/instrumentation_FDROID/com.github.yeriomin.yalpstore_46.apk,com.github.yeriomin.yalpstore,com.github.yeriomin.yalpstore.DetailsActivity$GetAndRedrawDetailsTask.java
instrumentation/instrumentation_FDROID/com.github.yeriomin.yalpstore_46.apk,com.github.yeriomin.yalpstore,com.github.yeriomin.yalpstore.DirectDownloadActivity$DetailsAndPurchaseTask.java
instrumentation/instrumentation_FDROID/com.github.yeriomin.yalpstore_46.apk,com.github.yeriomin.yalpstore,com.github.yeriomin.yalpstore.fragment.ButtonDownload$LocalPurchaseTask.java
instrumentation/instrumentation_FDROID/com.github.yeriomin.yalpstore_46.apk,com.github.yeriomin.yalpstore,com.github.yeriomin.yalpstore.fragment.details.Beta$BetaFeedbackDeleteTask.java
instrumentation/instrumentation_FDROID/com.github.yeriomin.yalpstore_46.apk,com.github.yeriomin.yalpstore,com.github.yeriomin.yalpstore.fragment.details.Beta$BetaFeedbackSubmitTask.java
instrumentation/instrumentation_FDROID/com.github.yeriomin.yalpstore_46.apk,com.github.yeriomin.yalpstore,com.github.yeriomin.yalpstore.fragment.details.GoogleDependency$1.java
instrumentation/instrumentation_FDROID/com.github.yeriomin.yalpstore_46.apk,com.github.yeriomin.yalpstore,com.github.yeriomin.yalpstore.fragment.details.Wishlist$DetailsWishlistToggleTask.java
instrumentation/instrumentation_FDROID/com.github.yeriomin.yalpstore_46.apk,com.github.yeriomin.yalpstore,com.github.yeriomin.yalpstore.fragment.preference.Blacklist$AppListTask.java
instrumentation/instrumentation_FDROID/com.github.yeriomin.yalpstore_46.apk,com.github.yeriomin.yalpstore,com.github.yeriomin.yalpstore.fragment.preference.OnInstallationMethodChangeListener$LocalCheckSuTask.java
instrumentation/instrumentation_FDROID/com.github.yeriomin.yalpstore_46.apk,com.github.yeriomin.yalpstore,com.github.yeriomin.yalpstore.FullscreenImageAdapter$FullscreenLoadImageTask.java
instrumentation/instrumentation_FDROID/com.github.yeriomin.yalpstore_46.apk,com.github.yeriomin.yalpstore,com.github.yeriomin.yalpstore.ImageAdapter$AdapterLoadImageTask.java
instrumentation/instrumentation_FDROID/com.github.yeriomin.yalpstore_46.apk,com.github.yeriomin.yalpstore,com.github.yeriomin.yalpstore.SearchActivityAbstract$CheckPackageIdTask.java
instrumentation/instrumentation_FDROID/com.github.yeriomin.yalpstore_46.apk,com.github.yeriomin.yalpstore,com.github.yeriomin.yalpstore.task.AppListValidityCheckTask.java
instrumentation/instrumentation_FDROID/com.github.yeriomin.yalpstore_46.apk,com.github.yeriomin.yalpstore,com.github.yeriomin.yalpstore.task.CheckShellTask.java
instrumentation/instrumentation_FDROID/com.github.yeriomin.yalpstore_46.apk,com.github.yeriomin.yalpstore,com.github.yeriomin.yalpstore.task.CheckSuTask.java
instrumentation/instrumentation_FDROID/com.github.yeriomin.yalpstore_46.apk,com.github.yeriomin.yalpstore,com.github.yeriomin.yalpstore.task.CopyApkTask.java
instrumentation/instrumentation_FDROID/com.github.yeriomin.yalpstore_46.apk,com.github.yeriomin.yalpstore,com.github.yeriomin.yalpstore.task.DownloadTask.java
instrumentation/instrumentation_FDROID/com.github.yeriomin.yalpstore_46.apk,com.github.yeriomin.yalpstore,com.github.yeriomin.yalpstore.task.ExodusCsrfTask.java
instrumentation/instrumentation_FDROID/com.github.yeriomin.yalpstore_46.apk,com.github.yeriomin.yalpstore,com.github.yeriomin.yalpstore.task.ExodusSearchTask.java
instrumentation/instrumentation_FDROID/com.github.yeriomin.yalpstore_46.apk,com.github.yeriomin.yalpstore,com.github.yeriomin.yalpstore.task.ExodusSubmitTask.java
instrumentation/instrumentation_FDROID/com.github.yeriomin.yalpstore_46.apk,com.github.yeriomin.yalpstore,com.github.yeriomin.yalpstore.task.HistoryTask.java
instrumentation/instrumentation_FDROID/com.github.yeriomin.yalpstore_46.apk,com.github.yeriomin.yalpstore,com.github.yeriomin.yalpstore.task.LoadImageTask.java
instrumentation/instrumentation_FDROID/com.github.yeriomin.yalpstore_46.apk,com.github.yeriomin.yalpstore,com.github.yeriomin.yalpstore.task.PatchTask.java
instrumentation/instrumentation_FDROID/com.github.yeriomin.yalpstore_46.apk,com.github.yeriomin.yalpstore,com.github.yeriomin.yalpstore.task.playstore.BackgroundPurchaseTask.java
instrumentation/instrumentation_FDROID/com.github.yeriomin.yalpstore_46.apk,com.github.yeriomin.yalpstore,com.github.yeriomin.yalpstore.task.playstore.BackgroundUpdatableAppsTask.java
instrumentation/instrumentation_FDROID/com.github.yeriomin.yalpstore_46.apk,com.github.yeriomin.yalpstore,com.github.yeriomin.yalpstore.task.playstore.CategoryTask.java
instrumentation/instrumentation_FDROID/com.github.yeriomin.yalpstore_46.apk,com.github.yeriomin.yalpstore,com.github.yeriomin.yalpstore.task.playstore.CheckCredentialsTask.java
instrumentation/instrumentation_FDROID/com.github.yeriomin.yalpstore_46.apk,com.github.yeriomin.yalpstore,com.github.yeriomin.yalpstore.task.playstore.CheckLoginTask.java
instrumentation/instrumentation_FDROID/com.github.yeriomin.yalpstore_46.apk,com.github.yeriomin.yalpstore,com.github.yeriomin.yalpstore.task.playstore.DownloadLinkTask.java
instrumentation/instrumentation_FDROID/com.github.yeriomin.yalpstore_46.apk,com.github.yeriomin.yalpstore,com.github.yeriomin.yalpstore.task.playstore.EndlessScrollTask.java
instrumentation/instrumentation_FDROID/com.github.yeriomin.yalpstore_46.apk,com.github.yeriomin.yalpstore,com.github.yeriomin.yalpstore.task.playstore.FlagTask.java
instrumentation/instrumentation_FDROID/com.github.yeriomin.yalpstore_46.apk,com.github.yeriomin.yalpstore,com.github.yeriomin.yalpstore.task.playstore.ForegroundUpdatableAppsTask.java
instrumentation/instrumentation_FDROID/com.github.yeriomin.yalpstore_46.apk,com.github.yeriomin.yalpstore,com.github.yeriomin.yalpstore.task.playstore.PlayStoreTask.java
instrumentation/instrumentation_FDROID/com.github.yeriomin.yalpstore_46.apk,com.github.yeriomin.yalpstore,com.github.yeriomin.yalpstore.task.playstore.PurchaseCheckTask.java
instrumentation/instrumentation_FDROID/com.github.yeriomin.yalpstore_46.apk,com.github.yeriomin.yalpstore,com.github.yeriomin.yalpstore.task.playstore.PurchaseTask.java
instrumentation/instrumentation_FDROID/com.github.yeriomin.yalpstore_46.apk,com.github.yeriomin.yalpstore,com.github.yeriomin.yalpstore.task.playstore.ReviewAddTask.java
instrumentation/instrumentation_FDROID/com.github.yeriomin.yalpstore_46.apk,com.github.yeriomin.yalpstore,com.github.yeriomin.yalpstore.task.playstore.ReviewDeleteTask.java
instrumentation/instrumentation_FDROID/com.github.yeriomin.yalpstore_46.apk,com.github.yeriomin.yalpstore,com.github.yeriomin.yalpstore.task.playstore.ReviewLoadTask.java
instrumentation/instrumentation_FDROID/com.github.yeriomin.yalpstore_46.apk,com.github.yeriomin.yalpstore,com.github.yeriomin.yalpstore.task.playstore.SearchTask.java
instrumentation/instrumentation_FDROID/com.github.yeriomin.yalpstore_46.apk,com.github.yeriomin.yalpstore,com.github.yeriomin.yalpstore.task.playstore.UpdatableAppsTask.java
instrumentation/instrumentation_FDROID/com.github.yeriomin.yalpstore_46.apk,com.github.yeriomin.yalpstore,com.github.yeriomin.yalpstore.task.playstore.WishlistUpdateTask.java
instrumentation/instrumentation_FDROID/com.github.yeriomin.yalpstore_46.apk,com.github.yeriomin.yalpstore,com.github.yeriomin.yalpstore.task.SystemRemountTask.java
instrumentation/instrumentation_FDROID/com.github.yeriomin.yalpstore_46.apk,com.github.yeriomin.yalpstore,com.github.yeriomin.yalpstore.task.TaskWithProgress.java
instrumentation/instrumentation_FDROID/com.github.yeriomin.yalpstore_46.apk,com.github.yeriomin.yalpstore,com.github.yeriomin.yalpstore.task.UninstallSystemAppTask.java
instrumentation/instrumentation_FDROID/com.github.yeriomin.yalpstore_46.apk,com.github.yeriomin.yalpstore,com.github.yeriomin.yalpstore.view.LoginDialogBuilder$PrepareSpinnerTask.java
instrumentation/instrumentation_FDROID/com.github.yeriomin.yalpstore_46.apk,com.github.yeriomin.yalpstore,com.github.yeriomin.yalpstore.WishlistActivity$WishlistAppsTask.java
instrumentation/instrumentation_FDROID/com.github.yeriomin.yalpstore_46.apk,com.github.yeriomin.yalpstore,com.github.yeriomin.yalpstore.YalpStoreApplication$InitializingInstalledAppsTask.java
instrumentation/instrumentation_FDROID/com.google.android.accessibility.talkback_50200001.apk,com.google.android.accessibility.talkback,com.google.android.accessibility.talkback.labeling.DataConsistencyCheckRequest.java
instrumentation/instrumentation_FDROID/com.google.android.accessibility.talkback_50200001.apk,com.google.android.accessibility.talkback,com.google.android.accessibility.talkback.labeling.DirectLabelFetchRequest.java
instrumentation/instrumentation_FDROID/com.google.android.accessibility.talkback_50200001.apk,com.google.android.accessibility.talkback,com.google.android.accessibility.talkback.labeling.HasImportedLabelsRequest.java
instrumentation/instrumentation_FDROID/com.google.android.accessibility.talkback_50200001.apk,com.google.android.accessibility.talkback,com.google.android.accessibility.talkback.labeling.ImportLabelRequest.java
instrumentation/instrumentation_FDROID/com.google.android.accessibility.talkback_50200001.apk,com.google.android.accessibility.talkback,com.google.android.accessibility.talkback.labeling.LabelAddRequest.java
instrumentation/instrumentation_FDROID/com.google.android.accessibility.talkback_50200001.apk,com.google.android.accessibility.talkback,com.google.android.accessibility.talkback.labeling.LabelClientRequest.java
instrumentation/instrumentation_FDROID/com.google.android.accessibility.talkback_50200001.apk,com.google.android.accessibility.talkback,com.google.android.accessibility.talkback.labeling.LabelManagerPackageActivity$LoadScreenshotTask.java
instrumentation/instrumentation_FDROID/com.google.android.accessibility.talkback_50200001.apk,com.google.android.accessibility.talkback,com.google.android.accessibility.talkback.labeling.LabelManagerPackageActivity$UpdateLabelsTask.java
instrumentation/instrumentation_FDROID/com.google.android.accessibility.talkback_50200001.apk,com.google.android.accessibility.talkback,com.google.android.accessibility.talkback.labeling.LabelManagerSummaryActivity$UpdatePackageSummaryTask.java
instrumentation/instrumentation_FDROID/com.google.android.accessibility.talkback_50200001.apk,com.google.android.accessibility.talkback,com.google.android.accessibility.talkback.labeling.LabelRemoveRequest.java
instrumentation/instrumentation_FDROID/com.google.android.accessibility.talkback_50200001.apk,com.google.android.accessibility.talkback,com.google.android.accessibility.talkback.labeling.LabelsFetchRequest.java
instrumentation/instrumentation_FDROID/com.google.android.accessibility.talkback_50200001.apk,com.google.android.accessibility.talkback,com.google.android.accessibility.talkback.labeling.LabelTask.java
instrumentation/instrumentation_FDROID/com.google.android.accessibility.talkback_50200001.apk,com.google.android.accessibility.talkback,com.google.android.accessibility.talkback.labeling.LabelUpdateRequest.java
instrumentation/instrumentation_FDROID/com.google.android.accessibility.talkback_50200001.apk,com.google.android.accessibility.talkback,com.google.android.accessibility.talkback.labeling.PackageLabelsFetchRequest.java
instrumentation/instrumentation_FDROID/com.google.android.accessibility.talkback_50200001.apk,com.google.android.accessibility.talkback,com.google.android.accessibility.talkback.labeling.RevertImportedLabelsRequest.java
instrumentation/instrumentation_FDROID/com.greenaddress.abcore_77.apk,com.greenaddress.abcore,com.greenaddress.abcore.LogActivity$d.java
instrumentation/instrumentation_FDROID/com.gsnathan.pdfviewer_28.apk,com.gsnathan.pdfviewer,com.gsnathan.pdfviewer.n.java
instrumentation/instrumentation_FDROID/com.haringeymobile.ukweather_30.apk,com.haringeymobile.ukweather,com.haringeymobile.ukweather.b.a.java
instrumentation/instrumentation_FDROID/com.haringeymobile.ukweather_30.apk,com.haringeymobile.ukweather,com.haringeymobile.ukweather.j.java
instrumentation/instrumentation_FDROID/com.haringeymobile.ukweather_30.apk,com.haringeymobile.ukweather,com.haringeymobile.ukweather.weather.h$a.java
instrumentation/instrumentation_FDROID/com.haringeymobile.ukweather_30.apk,com.haringeymobile.ukweather,com.haringeymobile.ukweather.weather.k$b.java
instrumentation/instrumentation_FDROID/com.health.openworkout_14.apk,com.health.openworkout,com.health.openworkout.gui.datatypes.GenericFragment$e$a.java
instrumentation/instrumentation_FDROID/com.health.openworkout_14.apk,com.health.openworkout,com.health.openworkout.gui.datatypes.GenericFragment$j$a.java
instrumentation/instrumentation_FDROID/com.indieweb.indigenous_64.apk,com.indieweb.indigenous,com.indieweb.indigenous.push.PushNotificationActivity$RegisterForPushNotificationsAsync.java
instrumentation/instrumentation_FDROID/com.iven.lfflfeedreader_66.apk,com.iven.lfflfeedreader,com.iven.lfflfeedreader.mainact.SplashActivity$AsyncLoadXMLFeed.java
instrumentation/instrumentation_FDROID/com.james.status_43.apk,com.james.status,com.james.status.utils.tasks.ActivitiesGetterTask.java
instrumentation/instrumentation_FDROID/com.james.status_43.apk,com.james.status,com.james.status.utils.tasks.AppIconGetterTask.java
instrumentation/instrumentation_FDROID/com.james.status_43.apk,com.james.status,com.james.status.utils.tasks.CanvasRenderTask.java
instrumentation/instrumentation_FDROID/com.james.status_43.apk,com.james.status,com.james.status.utils.tasks.PackagesGetterTask.java
instrumentation/instrumentation_FDROID/com.javiersantos.whatsappbetaupdater_25.apk,com.javiersantos.whatsappbetaupdater,com.javiersantos.whatsappbetaupdater.asyncs.GetLatestVersion.java
instrumentation/instrumentation_FDROID/com.javiersantos.whatsappbetaupdater_25.apk,com.javiersantos.whatsappbetaupdater,com.javiersantos.whatsappbetaupdater.asyncs.NotifyVersion.java
instrumentation/instrumentation_FDROID/com.javiersantos.whatsappbetaupdater_25.apk,com.javiersantos.whatsappbetaupdater,com.javiersantos.whatsappbetaupdater.utils.UtilsAsync$DownloadFile.java
instrumentation/instrumentation_FDROID/com.javiersantos.whatsappbetaupdater_25.apk,com.javiersantos.whatsappbetaupdater,com.javiersantos.whatsappbetaupdater.utils.UtilsAsync$LatestAppVersion.java
instrumentation/instrumentation_FDROID/com.jellyshack.block6_7.apk,com.jellyshack.block6,com.jellyshack.block6.receiver.SMSReceiver$Task.java
instrumentation/instrumentation_FDROID/com.jstappdev.dbclf_103.apk,com.jstappdev.dbclf,com.jstappdev.dbclf.ClassifierActivity$InferenceTask.java
instrumentation/instrumentation_FDROID/com.jtmcn.archwiki.viewer_15.apk,com.jtmcn.archwiki.viewer,com.jtmcn.archwiki.viewer.e.b.java
instrumentation/instrumentation_FDROID/com.kabouzeid.gramophone_179.apk,com.kabouzeid.gramophone,com.kabouzeid.gramophone.adapter.PlaylistAdapter$SavePlaylistsAsyncTask.java
instrumentation/instrumentation_FDROID/com.kabouzeid.gramophone_179.apk,com.kabouzeid.gramophone,com.kabouzeid.gramophone.App$LoadOwnedPurchasesFromGoogleAsyncTask.java
instrumentation/instrumentation_FDROID/com.kabouzeid.gramophone_179.apk,com.kabouzeid.gramophone,com.kabouzeid.gramophone.dialogs.DonationsDialog$SkuDetailsLoadAsyncTask.java
instrumentation/instrumentation_FDROID/com.kabouzeid.gramophone_179.apk,com.kabouzeid.gramophone,com.kabouzeid.gramophone.helper.menu.PlaylistMenuHelper$SavePlaylistAsyncTask.java
instrumentation/instrumentation_FDROID/com.kabouzeid.gramophone_179.apk,com.kabouzeid.gramophone,com.kabouzeid.gramophone.misc.DialogAsyncTask.java
instrumentation/instrumentation_FDROID/com.kabouzeid.gramophone_179.apk,com.kabouzeid.gramophone,com.kabouzeid.gramophone.ui.activities.bugreport.BugReportActivity$ReportIssueAsyncTask.java
instrumentation/instrumentation_FDROID/com.kabouzeid.gramophone_179.apk,com.kabouzeid.gramophone,com.kabouzeid.gramophone.ui.activities.PurchaseActivity$RestorePurchaseAsyncTask.java
instrumentation/instrumentation_FDROID/com.kabouzeid.gramophone_179.apk,com.kabouzeid.gramophone,com.kabouzeid.gramophone.ui.activities.tageditor.AbsTagEditorActivity$WriteTagsAsyncTask.java
instrumentation/instrumentation_FDROID/com.kabouzeid.gramophone_179.apk,com.kabouzeid.gramophone,com.kabouzeid.gramophone.ui.fragments.mainactivity.folders.FoldersFragment$ArrayListPathsAsyncTask.java
instrumentation/instrumentation_FDROID/com.kabouzeid.gramophone_179.apk,com.kabouzeid.gramophone,com.kabouzeid.gramophone.ui.fragments.mainactivity.folders.FoldersFragment$ListSongsAsyncTask.java
instrumentation/instrumentation_FDROID/com.kabouzeid.gramophone_179.apk,com.kabouzeid.gramophone,com.kabouzeid.gramophone.ui.fragments.player.card.CardPlayerFragment$2.java
instrumentation/instrumentation_FDROID/com.kabouzeid.gramophone_179.apk,com.kabouzeid.gramophone,com.kabouzeid.gramophone.ui.fragments.player.card.CardPlayerFragment$3.java
instrumentation/instrumentation_FDROID/com.kabouzeid.gramophone_179.apk,com.kabouzeid.gramophone,com.kabouzeid.gramophone.ui.fragments.player.flat.FlatPlayerFragment$2.java
instrumentation/instrumentation_FDROID/com.kabouzeid.gramophone_179.apk,com.kabouzeid.gramophone,com.kabouzeid.gramophone.ui.fragments.player.flat.FlatPlayerFragment$3.java
instrumentation/instrumentation_FDROID/com.kaliturin.blacklist_18.apk,com.kaliturin.blacklist,com.kaliturin.blacklist.fragments.AddContactsFragment$ContactsWriter.java
instrumentation/instrumentation_FDROID/com.kanedias.vanilla.coverfetch_17.apk,com.kanedias.vanilla.coverfetch,com.kanedias.vanilla.coverfetch.CoverShowActivity$ArtworkFetcher.java
instrumentation/instrumentation_FDROID/com.kanedias.vanilla.lyrics_13.apk,com.kanedias.vanilla.lyrics,com.kanedias.vanilla.lyrics.LyricsShowActivity$LyricsFetcher.java
instrumentation/instrumentation_FDROID/com.keylesspalace.tusky_83.apk,com.keylesspalace.tusky,com.keylesspalace.tusky.SavedTootActivity$a.java
instrumentation/instrumentation_FDROID/com.launcher.silverfish_8.apk,com.launcher.silverfish,com.launcher.silverfish.common.Utils$1.java
instrumentation/instrumentation_FDROID/com.liato.bankdroid_222.apk,com.liato.bankdroid,com.liato.bankdroid.appwidget.AutoRefreshService$DataRetrieverTask.java
instrumentation/instrumentation_FDROID/com.liato.bankdroid_222.apk,com.liato.bankdroid,com.liato.bankdroid.appwidget.BankdroidWidgetProvider$WidgetService$WidgetUpdateTask.java
instrumentation/instrumentation_FDROID/com.liato.bankdroid_222.apk,com.liato.bankdroid,com.liato.bankdroid.BankEditActivity$DataRetrieverTask.java
instrumentation/instrumentation_FDROID/com.liato.bankdroid_222.apk,com.liato.bankdroid,com.liato.bankdroid.DataRetrieverTask.java
instrumentation/instrumentation_FDROID/com.llamacorp.equate_12.apk,com.llamacorp.equate,com.llamacorp.equate.unit.updater.UnitUpdater$UpdateCurrenciesAsyncTask.java
instrumentation/instrumentation_FDROID/com.mareksebera.simpledilbert_40.apk,com.mareksebera.simpledilbert,com.mareksebera.simpledilbert.utilities.d.java
instrumentation/instrumentation_FDROID/com.maxfour.music_13.apk,com.maxfour.music,com.maxfour.music.adapter.PlaylistAdapter$SavePlaylistsAsyncTask.java
instrumentation/instrumentation_FDROID/com.maxfour.music_13.apk,com.maxfour.music,com.maxfour.music.helper.menu.PlaylistMenuHelper$SavePlaylistAsyncTask.java
instrumentation/instrumentation_FDROID/com.maxfour.music_13.apk,com.maxfour.music,com.maxfour.music.misc.DialogAsyncTask.java
instrumentation/instrumentation_FDROID/com.maxfour.music_13.apk,com.maxfour.music,com.maxfour.music.ui.activities.tageditor.AbsTagEditorActivity$WriteTagsAsyncTask.java
instrumentation/instrumentation_FDROID/com.maxfour.music_13.apk,com.maxfour.music,com.maxfour.music.ui.fragments.mainactivity.folders.FoldersFragment$ArrayListPathsAsyncTask.java
instrumentation/instrumentation_FDROID/com.maxfour.music_13.apk,com.maxfour.music,com.maxfour.music.ui.fragments.mainactivity.folders.FoldersFragment$ListSongsAsyncTask.java
instrumentation/instrumentation_FDROID/com.maxfour.music_13.apk,com.maxfour.music,com.maxfour.music.ui.fragments.player.card.CardPlayerFragment$2.java
instrumentation/instrumentation_FDROID/com.maxfour.music_13.apk,com.maxfour.music,com.maxfour.music.ui.fragments.player.card.CardPlayerFragment$3.java
instrumentation/instrumentation_FDROID/com.maxfour.music_13.apk,com.maxfour.music,com.maxfour.music.ui.fragments.player.flat.FlatPlayerFragment$2.java
instrumentation/instrumentation_FDROID/com.maxfour.music_13.apk,com.maxfour.music,com.maxfour.music.ui.fragments.player.flat.FlatPlayerFragment$3.java
instrumentation/instrumentation_FDROID/com.mde.potdroid_82.apk,com.mde.potdroid,com.mde.potdroid.helpers.a$a.java
instrumentation/instrumentation_FDROID/com.mkulesh.onpc_36.apk,com.mkulesh.onpc,com.mkulesh.onpc.iscp.BroadcastSearch.java
instrumentation/instrumentation_FDROID/com.mkulesh.onpc_36.apk,com.mkulesh.onpc,com.mkulesh.onpc.iscp.StateManager.java
instrumentation/instrumentation_FDROID/com.mschlauch.comfortreader_13.apk,com.mschlauch.comfortreader,com.mschlauch.comfortreader.BroadcastReceiverOpeninFileManager$1.java
instrumentation/instrumentation_FDROID/com.mschlauch.comfortreader_13.apk,com.mschlauch.comfortreader,com.mschlauch.comfortreader.BroadcastReceiverWebLink$1.java
instrumentation/instrumentation_FDROID/com.mschlauch.comfortreader_13.apk,com.mschlauch.comfortreader,com.mschlauch.comfortreader.CRPreferenceActivity$MyPreferenceFragment$10$1.java
instrumentation/instrumentation_FDROID/com.mschlauch.comfortreader_13.apk,com.mschlauch.comfortreader,com.mschlauch.comfortreader.FullscreenActivity$2.java
instrumentation/instrumentation_FDROID/com.mschlauch.comfortreader_13.apk,com.mschlauch.comfortreader,com.mschlauch.comfortreader.FullscreenActivity$7.java
instrumentation/instrumentation_FDROID/com.mschlauch.comfortreader_13.apk,com.mschlauch.comfortreader,com.mschlauch.comfortreader.NoteActivity$1.java
instrumentation/instrumentation_FDROID/com.murrayc.galaxyzoo.app_64.apk,com.murrayc.galaxyzoo.app,com.murrayc.galaxyzoo.app.ap.java
instrumentation/instrumentation_FDROID/com.murrayc.galaxyzoo.app_64.apk,com.murrayc.galaxyzoo.app,com.murrayc.galaxyzoo.app.at.java
instrumentation/instrumentation_FDROID/com.murrayc.galaxyzoo.app_64.apk,com.murrayc.galaxyzoo.app,com.murrayc.galaxyzoo.app.av.java
instrumentation/instrumentation_FDROID/com.murrayc.galaxyzoo.app_64.apk,com.murrayc.galaxyzoo.app,com.murrayc.galaxyzoo.app.bi.java
instrumentation/instrumentation_FDROID/com.murrayc.galaxyzoo.app_64.apk,com.murrayc.galaxyzoo.app,com.murrayc.galaxyzoo.app.bo.java
instrumentation/instrumentation_FDROID/com.murrayc.galaxyzoo.app_64.apk,com.murrayc.galaxyzoo.app,com.murrayc.galaxyzoo.app.c.java
instrumentation/instrumentation_FDROID/com.murrayc.galaxyzoo.app_64.apk,com.murrayc.galaxyzoo.app,com.murrayc.galaxyzoo.app.cc.java
instrumentation/instrumentation_FDROID/com.murrayc.galaxyzoo.app_64.apk,com.murrayc.galaxyzoo.app,com.murrayc.galaxyzoo.app.h.java
instrumentation/instrumentation_FDROID/com.nicolasbrailo.vlcfreemote_15.apk,com.nicolasbrailo.vlcfreemote,com.nicolasbrailo.vlcfreemote.net_utils.ServerScanner.java
instrumentation/instrumentation_FDROID/com.nicolasbrailo.vlcfreemote_15.apk,com.nicolasbrailo.vlcfreemote,com.nicolasbrailo.vlcfreemote.vlc_connector.http_utils.Wget.java
instrumentation/instrumentation_FDROID/com.nicolasbrailo.vlcfreemote_15.apk,com.nicolasbrailo.vlcfreemote,com.nicolasbrailo.vlcfreemote.vlc_connector.http_utils.XmlMogrifier.java
instrumentation/instrumentation_FDROID/com.perflyst.twire_523.apk,com.perflyst.twire,com.perflyst.twire.activities.setup.ConfirmSetupActivity$CheckDataFetchingTask.java
instrumentation/instrumentation_FDROID/com.perflyst.twire_523.apk,com.perflyst.twire,com.perflyst.twire.chat.ChatManager.java
instrumentation/instrumentation_FDROID/com.perflyst.twire_523.apk,com.perflyst.twire,com.perflyst.twire.model.ChannelInfo$LoadBitmapTask.java
instrumentation/instrumentation_FDROID/com.perflyst.twire_523.apk,com.perflyst.twire,com.perflyst.twire.tasks.AddFollowsToDB.java
instrumentation/instrumentation_FDROID/com.perflyst.twire_523.apk,com.perflyst.twire,com.perflyst.twire.tasks.ConstructChatMessageTask.java
instrumentation/instrumentation_FDROID/com.perflyst.twire_523.apk,com.perflyst.twire,com.perflyst.twire.tasks.FollowTask.java
instrumentation/instrumentation_FDROID/com.perflyst.twire_523.apk,com.perflyst.twire,com.perflyst.twire.tasks.GetFollowsFromDB.java
instrumentation/instrumentation_FDROID/com.perflyst.twire_523.apk,com.perflyst.twire,com.perflyst.twire.tasks.GetLiveStreamURL.java
instrumentation/instrumentation_FDROID/com.perflyst.twire_523.apk,com.perflyst.twire,com.perflyst.twire.tasks.GetPanelsTask.java
instrumentation/instrumentation_FDROID/com.perflyst.twire_523.apk,com.perflyst.twire,com.perflyst.twire.tasks.GetStreamsCountTask.java
instrumentation/instrumentation_FDROID/com.perflyst.twire_523.apk,com.perflyst.twire,com.perflyst.twire.tasks.GetStreamViewersTask.java
instrumentation/instrumentation_FDROID/com.perflyst.twire_523.apk,com.perflyst.twire,com.perflyst.twire.tasks.GetTwitchEmotesTask.java
instrumentation/instrumentation_FDROID/com.perflyst.twire_523.apk,com.perflyst.twire,com.perflyst.twire.tasks.GetTwitchUserFollows.java
instrumentation/instrumentation_FDROID/com.perflyst.twire_523.apk,com.perflyst.twire,com.perflyst.twire.tasks.GetVisualElementsTask.java
instrumentation/instrumentation_FDROID/com.perflyst.twire_523.apk,com.perflyst.twire,com.perflyst.twire.tasks.HandlerUserLoginTask.java
instrumentation/instrumentation_FDROID/com.perflyst.twire_523.apk,com.perflyst.twire,com.perflyst.twire.tasks.ScrollToStartPositionTask.java
instrumentation/instrumentation_FDROID/com.perflyst.twire_523.apk,com.perflyst.twire,com.perflyst.twire.tasks.UnfollowTask.java
instrumentation/instrumentation_FDROID/com.perflyst.twire_523.apk,com.perflyst.twire,com.perflyst.twire.tasks.ValidateOauthTokenTask.java
instrumentation/instrumentation_FDROID/com.phikal.regex_5.apk,com.phikal.regex,com.phikal.regex.Activities.GameActivity$TaskManager.java
instrumentation/instrumentation_FDROID/com.phikal.regex_5.apk,com.phikal.regex,com.phikal.regex.Activities.Settings.REDBOptionFragment$HostChecker.java
instrumentation/instrumentation_FDROID/com.phikal.regex_5.apk,com.phikal.regex,com.phikal.regex.Activities.Settings.WordOptionFragment$WordInserter.java
instrumentation/instrumentation_FDROID/com.phikal.regex_5.apk,com.phikal.regex,com.phikal.regex.Adapters.WordListAdapter$1.java
instrumentation/instrumentation_FDROID/com.philliphsu.clock2_113.apk,com.philliphsu.clock2,com.philliphsu.clock2.data.AsyncDatabaseTableUpdateHandler$1.java
instrumentation/instrumentation_FDROID/com.philliphsu.clock2_113.apk,com.philliphsu.clock2,com.philliphsu.clock2.data.AsyncDatabaseTableUpdateHandler$BaseAsyncTask.java
instrumentation/instrumentation_FDROID/com.philliphsu.clock2_113.apk,com.philliphsu.clock2,com.philliphsu.clock2.data.AsyncDatabaseTableUpdateHandler$InsertAsyncTask.java
instrumentation/instrumentation_FDROID/com.philliphsu.clock2_113.apk,com.philliphsu.clock2,com.philliphsu.clock2.data.AsyncDatabaseTableUpdateHandler$UpdateAsyncTask.java
instrumentation/instrumentation_FDROID/com.phpsysinfo_960.apk,com.phpsysinfo,com.phpsysinfo.xml.PSIDownloadData.java
instrumentation/instrumentation_FDROID/com.pi.attestation_14.apk,com.pi.attestation,com.pi.attestation.tools.CertificateGenerator.java
instrumentation/instrumentation_FDROID/com.pi.attestation_14.apk,com.pi.attestation,com.pi.attestation.tools.CertificatesGenerator.java
instrumentation/instrumentation_FDROID/com.pindroid_69.apk,com.pindroid,com.pindroid.authenticator.AuthenticatorActivity$UserLoginTask.java
instrumentation/instrumentation_FDROID/com.pindroid_69.apk,com.pindroid,com.pindroid.fragment.AddBookmarkFragment$GetTagSuggestionsTask.java
instrumentation/instrumentation_FDROID/com.pindroid_69.apk,com.pindroid,com.pindroid.fragment.AddBookmarkFragment$GetTitleTask.java
instrumentation/instrumentation_FDROID/com.poupa.attestationdeplacement_28.apk,com.poupa.attestationdeplacement,com.poupa.attestationdeplacement.tasks.GeneratePdfTask.java
instrumentation/instrumentation_FDROID/com.poupa.attestationdeplacement_28.apk,com.poupa.attestationdeplacement,com.poupa.attestationdeplacement.tasks.LoadAttestationsFragmentTask.java
instrumentation/instrumentation_FDROID/com.poupa.attestationdeplacement_28.apk,com.poupa.attestationdeplacement,com.poupa.attestationdeplacement.tasks.LoadProfilesCreateAttestationTask.java
instrumentation/instrumentation_FDROID/com.poupa.attestationdeplacement_28.apk,com.poupa.attestationdeplacement,com.poupa.attestationdeplacement.tasks.LoadProfilesFragmentTask.java
instrumentation/instrumentation_FDROID/com.quaap.bookymcbookface_430.apk,com.quaap.bookymcbookface,com.quaap.bookymcbookface.BookListActivity$AddDirTask.java
instrumentation/instrumentation_FDROID/com.quaap.bookymcbookface_430.apk,com.quaap.bookymcbookface,com.quaap.bookymcbookface.ReaderActivity$LoaderTask.java
instrumentation/instrumentation_FDROID/com.quaap.launchtime_850.apk,com.quaap.launchtime,com.quaap.launchtime.apps.AppCursorAdapter$ListLoaderTask.java
instrumentation/instrumentation_FDROID/com.quaap.launchtime_850.apk,com.quaap.launchtime,com.quaap.launchtime.CrashReportActivity$1$1.java
instrumentation/instrumentation_FDROID/com.quaap.launchtime_850.apk,com.quaap.launchtime,com.quaap.launchtime.MainActivity$StartupTask.java
instrumentation/instrumentation_FDROID/com.rfo.basic_500.apk,com.rfo.basic,com.rfo.basic.Basic$Loader.java
instrumentation/instrumentation_FDROID/com.rfo.basic_500.apk,com.rfo.basic,com.rfo.basic.Format$Background.java
instrumentation/instrumentation_FDROID/com.ruesga.rview_69.apk,com.ruesga.rview,com.ruesga.rview.widget.ActivityStatsChart$a.java
instrumentation/instrumentation_FDROID/com.ruesga.rview_69.apk,com.ruesga.rview,com.ruesga.rview.widget.Top5StatsView$a.java
instrumentation/instrumentation_FDROID/com.ruesga.rview_69.apk,com.ruesga.rview,com.ruesga.rview.z0.a.java
instrumentation/instrumentation_FDROID/com.ruesga.rview_69.apk,com.ruesga.rview,com.ruesga.rview.z0.b.java
instrumentation/instrumentation_FDROID/com.sahdeepsingh.Bop_13.apk,com.sahdeepsingh.Bop,com.sahdeepsingh.Bop.Activities.SplashScreen$a.java
instrumentation/instrumentation_FDROID/com.sentienhq.launcher_165.apk,com.sentienhq.launcher,com.sentienhq.launcher.loader.LoadPojos.java
instrumentation/instrumentation_FDROID/com.sentienhq.launcher_165.apk,com.sentienhq.launcher,com.sentienhq.launcher.result.Result$AsyncSetImage.java
instrumentation/instrumentation_FDROID/com.sentienhq.launcher_165.apk,com.sentienhq.launcher,com.sentienhq.launcher.searcher.ApplicationsSearcher.java
instrumentation/instrumentation_FDROID/com.sentienhq.launcher_165.apk,com.sentienhq.launcher,com.sentienhq.launcher.searcher.Searcher.java
instrumentation/instrumentation_FDROID/com.sentienhq.launcher_165.apk,com.sentienhq.launcher,com.sentienhq.launcher.shortcut.SaveAllOreoShortcutsAsync.java
instrumentation/instrumentation_FDROID/com.sentienhq.launcher_165.apk,com.sentienhq.launcher,com.sentienhq.launcher.shortcut.SaveSingleOreoShortcutAsync.java
instrumentation/instrumentation_FDROID/com.simplemobiletools.camera_77.apk,com.simplemobiletools.camera,com.simplemobiletools.camera.d.c.java
instrumentation/instrumentation_FDROID/com.simplemobiletools.gallery_207.apk,com.simplemobiletools.gallery,com.simplemobiletools.gallery.asynctasks.GetMediaAsynctask.java
instrumentation/instrumentation_FDROID/com.spisoft.quicknote_241.apk,com.spisoft.quicknote,com.spisoft.quicknote.browser.SearchAsyncTask.java
instrumentation/instrumentation_FDROID/com.spisoft.quicknote_241.apk,com.spisoft.quicknote,com.spisoft.quicknote.browser.SearchFragment$1.java
instrumentation/instrumentation_FDROID/com.spisoft.quicknote_241.apk,com.spisoft.quicknote,com.spisoft.quicknote.editor.ImageActivity$handlePhotoBitmap$1.java
instrumentation/instrumentation_FDROID/com.spisoft.quicknote_241.apk,com.spisoft.quicknote,com.spisoft.quicknote.intro.ChooseInstanceFragment$3.java
instrumentation/instrumentation_FDROID/com.spisoft.quicknote_241.apk,com.spisoft.quicknote,com.spisoft.quicknote.MainFragment$KeywordRefreshTask.java
instrumentation/instrumentation_FDROID/com.spisoft.quicknote_241.apk,com.spisoft.quicknote,com.spisoft.quicknote.MyApplication$3.java
instrumentation/instrumentation_FDROID/com.spisoft.quicknote_241.apk,com.spisoft.quicknote,com.spisoft.quicknote.updater.ChangelogFragment$1.java
instrumentation/instrumentation_FDROID/com.spisoft.quicknote_241.apk,com.spisoft.quicknote,com.spisoft.quicknote.updater.UpdaterActivity$5.java
instrumentation/instrumentation_FDROID/com.spisoft.quicknote_241.apk,com.spisoft.quicknote,com.spisoft.quicknote.utils.PinView$1.java
instrumentation/instrumentation_FDROID/com.stripe1.xmouse_25.apk,com.stripe1.xmouse,com.stripe1.xmouse.MyConnectionHandler$1.java
instrumentation/instrumentation_FDROID/com.stripe1.xmouse_25.apk,com.stripe1.xmouse,com.stripe1.xmouse.MyConnectionHandler$2.java
instrumentation/instrumentation_FDROID/com.stripe1.xmouse_25.apk,com.stripe1.xmouse,com.stripe1.xmouse.MyConnectionHandler$SshConnectTask.java
instrumentation/instrumentation_FDROID/com.stripe1.xmouse_25.apk,com.stripe1.xmouse,com.stripe1.xmouse.MyConnectionHandler$SshExecTask.java
instrumentation/instrumentation_FDROID/com.tananaev.logcat_12.apk,com.tananaev.logcat,com.tananaev.logcat.MainActivity$ReaderTask.java
instrumentation/instrumentation_FDROID/com.tistory.deque.previewmaker_22.apk,com.tistory.deque.previewmaker,com.tistory.deque.previewmaker.kotlin.customview.CustomPreviewCanvas$SaveCanvasAsyncTask.java
instrumentation/instrumentation_FDROID/com.tomer.draw_100.apk,com.tomer.draw,com.tomer.draw.gallery.c.java
instrumentation/instrumentation_FDROID/com.tortel.syslog_35.apk,com.tortel.syslog,com.tortel.syslog.dialog.RunningDialog.java
instrumentation/instrumentation_FDROID/com.ulicae.cinelog_29.apk,com.ulicae.cinelog,com.ulicae.cinelog.network.task.NetworkTask.java
instrumentation/instrumentation_FDROID/com.ulicae.cinelog_29.apk,com.ulicae.cinelog,com.ulicae.cinelog.network.task.SerieEpisodesNetworkTask.java
instrumentation/instrumentation_FDROID/com.ulicae.cinelog_29.apk,com.ulicae.cinelog,com.ulicae.cinelog.network.task.sync.SerieSyncNetworkTask.java
instrumentation/instrumentation_FDROID/com.vadimfrolov.duorem_6.apk,com.vadimfrolov.duorem,com.vadimfrolov.duorem.AbstractDiscovery.java
instrumentation/instrumentation_FDROID/com.vadimfrolov.duorem_6.apk,com.vadimfrolov.duorem,com.vadimfrolov.duorem.Network.RemoteAsyncTask.java
instrumentation/instrumentation_FDROID/com.veniosg.dir_1560.apk,com.veniosg.dir,com.veniosg.dir.android.b.d.java
instrumentation/instrumentation_FDROID/com.veniosg.dir_1560.apk,com.veniosg.dir,com.veniosg.dir.android.b.e$a.java
instrumentation/instrumentation_FDROID/com.veniosg.dir_1560.apk,com.veniosg.dir,com.veniosg.dir.android.d.d$a.java
instrumentation/instrumentation_FDROID/com.vlille.checker_750.apk,com.vlille.checker,com.vlille.checker.ui.async.AbstractStationsAsyncTask.java
instrumentation/instrumentation_FDROID/com.vlille.checker_750.apk,com.vlille.checker,com.vlille.checker.ui.async.DBUpdaterAsyncTask.java
instrumentation/instrumentation_FDROID/com.vlille.checker_750.apk,com.vlille.checker,com.vlille.checker.ui.async.SetStationsInfoAsyncTask.java
instrumentation/instrumentation_FDROID/com.vlille.checker_750.apk,com.vlille.checker,com.vlille.checker.ui.fragment.StationsListFragment$StationsAsyncTask.java
instrumentation/instrumentation_FDROID/com.vlille.checker_750.apk,com.vlille.checker,com.vlille.checker.ui.osm.MapView$AsyncMapStationRetriever.java
instrumentation/instrumentation_FDROID/com.vlille.checker_750.apk,com.vlille.checker,com.vlille.checker.ui.osm.overlay.window.BubbleInfoWindow$SingleStationAsyncTask.java
instrumentation/instrumentation_FDROID/com.wrmndfzzy.atomize_1.apk,com.wrmndfzzy.atomize,com.wrmndfzzy.atomize.MainActivity$3.java
instrumentation/instrumentation_FDROID/cz.martykan.forecastie_66.apk,cz.martykan.forecastie,cz.martykan.forecastie.activities.MainActivity$FindCitiesByNameTask.java
instrumentation/instrumentation_FDROID/cz.martykan.forecastie_66.apk,cz.martykan.forecastie,cz.martykan.forecastie.activities.MainActivity$ProvideCityNameTask.java
instrumentation/instrumentation_FDROID/cz.martykan.forecastie_66.apk,cz.martykan.forecastie,cz.martykan.forecastie.activities.MainActivity$TodayUVITask.java
instrumentation/instrumentation_FDROID/cz.martykan.forecastie_66.apk,cz.martykan.forecastie,cz.martykan.forecastie.activities.MainActivity$TodayWeatherTask.java
instrumentation/instrumentation_FDROID/cz.martykan.forecastie_66.apk,cz.martykan.forecastie,cz.martykan.forecastie.AlarmReceiver$GetCityNameTask.java
instrumentation/instrumentation_FDROID/cz.martykan.forecastie_66.apk,cz.martykan.forecastie,cz.martykan.forecastie.AlarmReceiver$GetLocationAndWeatherTask.java
instrumentation/instrumentation_FDROID/cz.martykan.forecastie_66.apk,cz.martykan.forecastie,cz.martykan.forecastie.AlarmReceiver$GetLongTermWeatherTask.java
instrumentation/instrumentation_FDROID/cz.martykan.forecastie_66.apk,cz.martykan.forecastie,cz.martykan.forecastie.AlarmReceiver$GetWeatherTask.java
instrumentation/instrumentation_FDROID/cz.martykan.forecastie_66.apk,cz.martykan.forecastie,cz.martykan.forecastie.tasks.GenericRequestTask.java
instrumentation/instrumentation_FDROID/de.arnefeil.bewegungsmelder_140632.apk,de.arnefeil.bewegungsmelder,de.arnefeil.bewegungsmelder.tools.EventDownloader.java
instrumentation/instrumentation_FDROID/de.arnefeil.bewegungsmelder_140632.apk,de.arnefeil.bewegungsmelder,de.arnefeil.bewegungsmelder.tools.EventLoader.java
instrumentation/instrumentation_FDROID/de.arnefeil.bewegungsmelder_140632.apk,de.arnefeil.bewegungsmelder,de.arnefeil.bewegungsmelder.tools.UpdateChecker.java
instrumentation/instrumentation_FDROID/de.clemensbartz.android.launcher_20.apk,de.clemensbartz.android.launcher,de.clemensbartz.android.launcher.tasks.CreateWidgetAsyncTask.java
instrumentation/instrumentation_FDROID/de.clemensbartz.android.launcher_20.apk,de.clemensbartz.android.launcher,de.clemensbartz.android.launcher.tasks.FilterDrawerListAdapterTask.java
instrumentation/instrumentation_FDROID/de.clemensbartz.android.launcher_20.apk,de.clemensbartz.android.launcher,de.clemensbartz.android.launcher.tasks.LoadApplicationModelIconIntoImageViewTask.java
instrumentation/instrumentation_FDROID/de.clemensbartz.android.launcher_20.apk,de.clemensbartz.android.launcher,de.clemensbartz.android.launcher.tasks.LoadDockTask.java
instrumentation/instrumentation_FDROID/de.clemensbartz.android.launcher_20.apk,de.clemensbartz.android.launcher,de.clemensbartz.android.launcher.tasks.LoadDrawerListAdapterTask.java
instrumentation/instrumentation_FDROID/de.clemensbartz.android.launcher_20.apk,de.clemensbartz.android.launcher,de.clemensbartz.android.launcher.tasks.LoadSharedPreferencesDAOTask.java
instrumentation/instrumentation_FDROID/de.clemensbartz.android.launcher_20.apk,de.clemensbartz.android.launcher,de.clemensbartz.android.launcher.tasks.ShowWidgetListAsPopupMenuTask.java
instrumentation/instrumentation_FDROID/de.csicar.mensaplan_4.apk,de.csicar.mensaplan,de.csicar.mensaplan.kitcard.ReadCardTask.java
instrumentation/instrumentation_FDROID/de.devmil.paperlaunch_12.apk,de.devmil.paperlaunch,de.devmil.paperlaunch.view.utils.IntentSelector$SearchTask.java
instrumentation/instrumentation_FDROID/de.eknoes.inofficialgolem_141.apk,de.eknoes.inofficialgolem,de.eknoes.inofficialgolem.ArticleFragment$loadArticleTask.java
instrumentation/instrumentation_FDROID/de.eknoes.inofficialgolem_141.apk,de.eknoes.inofficialgolem,de.eknoes.inofficialgolem.updater.GolemFetcher.java
instrumentation/instrumentation_FDROID/de.jkliemann.parkendd_33.apk,de.jkliemann.parkendd,de.jkliemann.parkendd.Loader.java
instrumentation/instrumentation_FDROID/de.perflyst.untis_16.apk,de.perflyst.untis,de.perflyst.untis.utils.connectivity.DownloadTask.java
instrumentation/instrumentation_FDROID/de.perflyst.untis_16.apk,de.perflyst.untis,de.perflyst.untis.utils.connectivity.UntisRequest.java
instrumentation/instrumentation_FDROID/de.perflyst.untis_16.apk,de.perflyst.untis,de.perflyst.untis.utils.timetable.TimetableSetup.java
instrumentation/instrumentation_FDROID/eu.pretix.pretixdroid_15.apk,eu.pretix.pretixdroid,eu.pretix.pretixdroid.ui.EventinfoActivity$StatusTask.java
instrumentation/instrumentation_FDROID/eu.pretix.pretixdroid_15.apk,eu.pretix.pretixdroid,eu.pretix.pretixdroid.ui.MainActivity$CheckTask.java
instrumentation/instrumentation_FDROID/eu.pretix.pretixdroid_15.apk,eu.pretix.pretixdroid,eu.pretix.pretixdroid.ui.SearchActivity$CheckTask.java
instrumentation/instrumentation_FDROID/eu.pretix.pretixdroid_15.apk,eu.pretix.pretixdroid,eu.pretix.pretixdroid.ui.SearchActivity$SearchTask.java
instrumentation/instrumentation_FDROID/fr.witchdoctors.c4ffein.oosfirmwareextractor_6.apk,fr.witchdoctors.c4ffein.oosfirmwareextractor,fr.witchdoctors.c4ffein.oosfirmwareextractor.AsyncCook.java
instrumentation/instrumentation_FDROID/fr.witchdoctors.c4ffein.oosfirmwareextractor_6.apk,fr.witchdoctors.c4ffein.oosfirmwareextractor,fr.witchdoctors.c4ffein.oosfirmwareextractor.AsyncMD5.java
instrumentation/instrumentation_FDROID/fr.witchdoctors.c4ffein.oosfirmwareextractor_6.apk,fr.witchdoctors.c4ffein.oosfirmwareextractor,fr.witchdoctors.c4ffein.oosfirmwareextractor.AsyncUnzip.java
instrumentation/instrumentation_FDROID/in.andres.kandroid_19.apk,in.andres.kandroid,in.andres.kandroid.kanboard.KanboardAPI$KanboardAsync.java
instrumentation/instrumentation_FDROID/io.github.lonamiwebs.stringlate_1007.apk,io.github.lonamiwebs.stringlate,io.github.lonamiwebs.stringlate.activities.export.CreatePullRequestActivity$1.java
instrumentation/instrumentation_FDROID/io.github.lonamiwebs.stringlate_1007.apk,io.github.lonamiwebs.stringlate,io.github.lonamiwebs.stringlate.activities.export.CreatePullRequestActivity$2.java
instrumentation/instrumentation_FDROID/io.github.lonamiwebs.stringlate_1007.apk,io.github.lonamiwebs.stringlate,io.github.lonamiwebs.stringlate.activities.export.CreateUrlActivity$1.java
instrumentation/instrumentation_FDROID/io.github.lonamiwebs.stringlate_1007.apk,io.github.lonamiwebs.stringlate,io.github.lonamiwebs.stringlate.activities.GitHubCompleteAuthTask.java
instrumentation/instrumentation_FDROID/io.github.lonamiwebs.stringlate_1007.apk,io.github.lonamiwebs.stringlate,io.github.lonamiwebs.stringlate.classes.applications.ApplicationsSyncTask.java
instrumentation/instrumentation_FDROID/io.github.lonamiwebs.stringlate_1007.apk,io.github.lonamiwebs.stringlate,io.github.lonamiwebs.stringlate.classes.RepoSyncTask.java
instrumentation/instrumentation_FDROID/me.echeung.cdflabs_31.apk,me.echeung.cdflabs,me.echeung.cdflabs.utils.data.LabDataFetcher.java
instrumentation/instrumentation_FDROID/me.echeung.cdflabs_31.apk,me.echeung.cdflabs,me.echeung.cdflabs.utils.data.PrinterDataFetcher.java
instrumentation/instrumentation_FDROID/miccah.mpvremote_1.apk,miccah.mpvremote,miccah.mpvremote.UDPPacket.java
instrumentation/instrumentation_FDROID/org.ligi.fahrplan_50.apk,org.ligi.fahrplan,org.ligi.fahrplan.fetcher.java
instrumentation/instrumentation_FDROID/org.ligi.fahrplan_50.apk,org.ligi.fahrplan,org.ligi.fahrplan.parser.java
instrumentation/instrumentation_FDROID/org.ligi.gobandroid_hd_259.apk,org.ligi.gobandroid_hd,org.ligi.gobandroid_hd.ui.sgf_listing.GoProblemsRenaming.java
instrumentation/instrumentation_FDROID/tk.superl2.xwifi_3.apk,tk.superl2.xwifi,tk.superl2.xwifi.MainActivity$a.java
